CICLO,ZONA,CF,FINCA,COD CAM,CAMPO,HA,VARIEDAD,CLAS COR,DISTSUR,TIPO DE SUELO,RIEGO,% DESPO,Dias Resiembra,KgN Ha,Edad Corte,Suspension,BIOMETRIA CCOA,ESTIMADO CAMPO,TCH REAL
2122,1,91,Barranco Bayo,91001,BB-01, 20.46 , CP89-2143 ,5.00, 2.20 , Franco Arcilloso , Goteo ,46%,38.00,108.73,11.67,38.00,115.97,112.00,103.91
2122,1,91,Barranco Bayo,91006,BB-06, 37.87 , CP72-2086 ,5.00, 2.20 , Arcilloso , Goteo ,42%,42.00,89.38,11.70,38.00,87.09,90.00,81.23
2122,1,91,Barranco Bayo,91019,BB-19, 7.66 , NA56-42 ,5.00, 2.20 , Arcilloso , Goteo ,47%,43.00,87.92,11.64,34.00,91.32,85.00,79.96
2122,1,63,Francesa,63001,FRANCESA-01, 27.02 , CP72-2086 ,8.00, 2.40 , Franco Limoso , Goteo ,38%,22.00,124.84,10.78,40.00,85.57,100.00,79.95
2122,1,63,Francesa,63007,FRANCESA-07, 35.11 , NA56-42 ,4.00, 2.40 , Arcilloso , Goteo ,23%,40.00,124.92,10.91,40.00,81.09,95.00,92.33
2122,1,97,La Banqueta,97001,LB-01, 21.26 , CP89-2143 ,6.00, 1.90 , Franco Arcilloso , Goteo ,29%,24.00,106.38,11.67,45.00,114.89,116.00,91.43
2122,1,97,La Banqueta,97008,LB-08, 2.60 , CP89-2143 ,6.00, 1.90 , Franco Arcilloso , Goteo ,35%,80.00,104.94,12.59,73.00,129.06,160.00,171.27
2122,1,51,Loma Alegre,51002,A-06, 13.04 , CP72-2086 ,5.00, 1.90 , Franco Arcilloso , Goteo ,46%,40.00,117.50,11.44,11.00,109.15,90.00,91.09
2122,1,51,Loma Alegre,51003,A-07, 13.54 , RB86-7515 ,1.00, 2.20 , Franco Arcilloso , Goteo ,41%,33.00,149.51,11.41,27.00,159.10,110.00,101.73
2122,1,51,Loma Alegre,51004,A-08, 9.56 , RB86-7515 ,1.00, 2.20 , Franco Arcilloso , Goteo ,39%,34.00,149.40,11.41,29.00,102.41,115.00,101.35
2122,1,51,Loma Alegre,51087,A-08A, 2.78 , CP72-2086 ,4.00, 2.20 , Franco Arcilloso , Goteo ,44%,34.00,117.90,11.37,28.00,75.08,115.00,101.27
2122,1,51,Loma Alegre,51006,A-10, 35.99 , CP72-2086 ,7.00, 1.90 , Franco Arcilloso , Goteo ,48%,35.00,124.47,11.60,15.00,120.71,105.00,84.52
2122,1,51,Loma Alegre,51009,A-13, 8.11 , CP72-2086 ,2.00, 2.20 , Franco Arcillo Arenoso , Goteo ,57%,38.00,82.01,11.14,28.00,73.44,80.00,64.39
2122,1,51,Loma Alegre,51010,A-14, 2.21 , CG00-102 ,4.00, 2.20 , Franco Arcilloso , Goteo ,39%,37.00,103.03,11.14,28.00,77.72,85.00,80.69
2122,1,51,Loma Alegre,51080,A-15, 9.88 , CP89-2143 ,3.00, 2.20 , Franco Arcillo Arenoso , Goteo ,23%,33.00,150.11,11.70,15.00,108.56,120.00,106.10
2122,1,51,Loma Alegre,51012,B-02, 25.26 , CP88-1165 ,4.00, 2.20 , Franco Arcilloso , Goteo ,33%,35.00,135.50,11.41,11.00,133.24,105.00,85.89
2122,1,51,Loma Alegre,51016,B-06, 11.16 , CP72-2086 ,4.00, 2.20 , Franco Arcilloso , Goteo ,39%,39.00,79.44,11.01,22.00,83.56,97.00,97.11
2122,1,51,Loma Alegre,51019,B-09, 7.49 , CP88-1165 ,4.00, 2.20 , Franco Arcilloso , Goteo ,26%,35.00,150.10,11.47,9.00,89.28,115.00,88.62
2122,1,51,Loma Alegre,51023,B-13, 6.98 , CP72-2086 ,5.00, 2.20 , Franco Arcilloso , Goteo ,43%,36.00,86.48,10.62,21.00,81.17,90.00,80.76
2122,1,51,Loma Alegre,51029,B-19, 22.46 , CP72-2086 ,4.00, 2.20 , Franco Arcillo Arenoso , Goteo ,45%,35.00,92.40,10.62,21.00,95.46,100.00,78.75
2122,1,51,Loma Alegre,51033,B-23, 6.20 , CP88-1165 ,8.00, 2.40 , Franco Arenoso , Goteo ,33%,35.00,119.99,11.51,7.00,88.15,108.00,92.09
2122,1,51,Loma Alegre,51034,B-24, 8.00 , RB86-7515 ,2.00, 2.40 , Franco Arenoso , Goteo ,46%,39.00,105.22,10.91,19.00,90.48,110.00,90.31
2122,1,51,Loma Alegre,51035,F-01, 18.85 , CP72-2086 ,7.00, 1.80 , Franco Arcillo Arenoso , Goteo ,54%,35.00,126.90,11.51,7.00,122.02,115.00,101.62
2122,1,51,Loma Alegre,51038,F-04, 14.30 , RB86-7515 ,2.00, 1.80 , Franco Arcilloso , Goteo ,49%,40.00,67.36,10.88,20.00,96.87,90.00,100.49
2122,1,51,Loma Alegre,51088,F-04A, 11.42 , CP72-2086 ,2.00, 1.90 , Franco Arcilloso , Goteo ,28%,32.00,81.68,10.59,22.00,94.86,90.00,96.70
2122,1,51,Loma Alegre,51041,F-07, 20.08 , NA56-42 ,7.00, 1.80 , Arcilloso , Goteo ,33%,49.00,110.22,13.21,37.00,136.86,108.00,93.46
2122,1,51,Loma Alegre,51046,L-01, 27.12 , CG00-102 ,1.00, 2.20 , Franco Arenoso , Goteo ,39%,39.00,82.84,11.37,26.00,78.30,107.00,96.23
2122,1,51,Loma Alegre,51050,L-04, 19.75 , CG04-10295 ,1.00, 2.20 , Franco Arenoso , Goteo ,28%,35.00,82.83,11.21,22.00,100.69,105.00,86.40
2122,1,51,Loma Alegre,51051,L-05, 23.13 , CG00-102 ,1.00, 2.20 , Franco Arenoso , Goteo ,44%,36.00,165.74,11.21,22.00,118.56,105.00,88.97
2122,1,51,Loma Alegre,51069,L-06A, 4.58 , Otras ,2.00, 2.20 , Franco Arcilloso , Goteo ,27%,37.00,228.63,11.34,24.00,91.92,90.00,82.79
2122,1,51,Loma Alegre,51053,L-07, 10.83 , CG00-102 ,2.00, 1.90 , Franco Arcilloso , Goteo ,27%,36.00,103.08,11.14,24.00,111.35,110.00,91.13
2122,1,51,Loma Alegre,51054,L-08, 12.99 , CP00-1101 ,5.00, 2.20 , Franco Arcilloso , Goteo ,33%,41.00,125.86,11.57,16.00,102.30,100.00,90.51
2122,1,51,Loma Alegre,51056,L-10, 19.61 , CP72-2086 ,3.00, 2.20 , Franco Arcilloso , Goteo ,45%,41.00,92.45,11.41,21.00,106.41,107.00,95.04
2122,1,51,Loma Alegre,51058,M-01, 19.17 , NA56-42 ,9.00, 2.40 , Arcilloso , Goteo ,36%,30.00,150.13,12.43,21.00,100.37,125.00,112.36
2122,1,51,Loma Alegre,51061,M-04, 10.35 , CP72-2086 ,3.00, 2.20 , Franco Arcilloso , Goteo ,44%,30.00,80.71,10.88,35.00,83.21,95.00,86.73
2122,1,51,Loma Alegre,51063,M-06, 7.07 , NA56-42 ,3.00, 2.20 , Arcilloso , Goteo ,39%,35.00,97.17,10.95,32.00,73.53,80.00,64.54
2122,1,51,Loma Alegre,51064,M-07, 6.93 , RB86-7515 ,3.00, 2.20 , Arcilloso , Goteo ,50%,33.00,76.02,11.14,40.00,93.51,80.00,77.92
2122,1,51,Loma Alegre,51065,M-08, 13.05 , NA56-42 ,4.00, 2.20 , Arcilloso , Goteo ,23%,29.00,104.54,12.26,22.00,81.80,100.00,98.16
2122,1,51,Loma Alegre,51070,M-08A, 2.29 , CP72-2086 ,3.00, 2.20 , Arcilloso , Goteo ,25%,30.00,128.56,12.39,19.00,93.98,115.00,73.07
2122,1,51,Loma Alegre,51096,M-09A, 4.81 , CP88-1165 ,10.00, 2.40 , Arcilloso , Goteo ,41%,32.00,150.10,11.44,15.00,118.85,100.00,69.00
2122,1,52,Madronal,52001,NORIA-01, 35.31 , CP88-1165 ,5.00, 2.20 , Franco Arcilloso , Goteo ,32%,39.00,103.04,11.67,27.00,92.83,85.00,66.64
2122,1,52,Madronal,52006,STA. ELI-02, 23.86 , CP72-2086 ,5.00, 2.60 , Arcilloso , Goteo ,34%,40.00,115.67,11.77,28.00,102.73,100.00,91.44
2122,1,94,Madronal-02,94003,MD1-03, 22.19 , CP89-2143 ,7.00, 1.65 , Arcilloso , Goteo ,11%,34.00,126.26,11.44,27.00,176.36,105.00,65.82
2122,1,94,Madronal-02,94004,MD2-01, 23.22 , CP72-2086 ,6.00, 1.90 , Arcilloso , Goteo ,23%,33.00,117.96,11.51,28.00,100.23,103.00,77.87
2122,1,94,Madronal-02,94008,MD2-04, 21.40 , NA56-42 ,6.00, 1.90 , Arcilloso , Goteo ,43%,32.00,83.04,10.75,43.00,81.96,85.00,75.31
2122,1,94,Madronal-02,94025,MD3-01, 25.27 , RB86-7515 ,1.00, 2.20 , Franco Arcilloso , Goteo ,41%,32.00,103.43,11.34,17.00,108.61,105.00,89.83
2122,1,99,San Isidro,99001,S I.-01, 23.76 , CP89-2143 ,6.00, 1.90 , Franco Arcilloso , Goteo ,46%,48.00,125.46,11.21,27.00,237.93,115.00,102.87
2122,1,99,San Isidro,99006,S I.-06, 11.32 , CP72-2086 ,6.00, 1.90 , Franco Arcilloso , Goteo ,37%,50.00,91.86,11.70,42.00,136.48,90.00,90.67
2122,2,3,El Tamarindo,3001,ET-01, 31.78 , NA56-42 ,3.00, 2.20 , Franco , Goteo ,51%,57.00,112.53,10.68,27.00,99.59,120.00,91.51
2122,2,55,El Zapote,55042,MANGO-01, 4.60 , NA56-42 ,4.00, 2.20 , Franco Arcilloso , Goteo ,32%,37.00,150.96,11.28,29.00,86.79,113.00,74.15
2122,2,55,El Zapote,55043,MANGO-02, 16.82 , CP72-2086 ,4.00, 2.20 , Franco Arcillo Arenoso , Goteo ,51%,36.00,150.07,11.28,30.00,120.16,112.00,100.97
2122,2,55,El Zapote,55044,MANGO-03, 3.60 , Otras ,4.00, 2.20 , Franco , Goteo ,37%,38.00,150.08,11.31,29.00,113.45,105.57,104.84
2122,2,55,El Zapote,55071,MANGO-03A, 1.53 , Otras ,4.00, 2.20 , Franco , Goteo ,31%,37.00,103.04,11.31,29.00,115.04,85.00,96.39
2122,2,55,El Zapote,55048,MANGO-07, 13.37 , CG98-78 ,3.00, 2.20 , Franco Arcillo Arenoso , Goteo ,46%,36.00,150.05,11.28,24.00,90.37,108.00,98.16
2122,2,55,El Zapote,55054,MANGO-13, 3.85 , CP04-2115 ,3.00, 2.20 , Franco Arcilloso , Goteo ,37%,36.00,150.06,11.08,24.00,84.49,85.00,86.49
2122,2,55,El Zapote,55005,Z-05, 2.09 , CP72-2086 ,9.00, 2.40 , Franco Arcilloso , Goteo ,45%,34.00,112.75,11.08,24.00,92.22,115.00,108.83
2122,2,55,El Zapote,55006,Z-06, 10.59 , CP72-2086 ,6.00, 1.90 , Franco Arcillo Arenoso , Goteo ,37%,37.00,128.79,11.14,23.00,114.35,115.00,105.05
2122,2,55,El Zapote,55007,Z-07, 20.08 , CP72-2086 ,3.00, 2.20 , Franco Arenoso , Goteo ,46%,37.00,172.57,11.08,23.00,123.83,120.00,117.88
2122,2,55,El Zapote,55009,Z-09, 1.90 , RB86-7515 ,5.00, 2.20 , Franco Arcilloso , Goteo ,51%,37.00,162.10,11.11,24.00,103.11,120.00,120.66
2122,2,55,El Zapote,55016,Z-16, 8.22 , RB86-7515 ,1.00, 1.75 , Franco Arcilloso , Mini Aspersion ,24%,23.00,108.57,10.52,43.00,94.74,98.00,88.44
2122,2,55,El Zapote,55031,Z-30, 16.94 , CP72-2086 ,3.00, 1.50 , Franco Arcilloso , Mini Aspersion ,40%,38.00,73.19,10.88,40.00,105.78,92.00,89.77
2122,2,55,El Zapote,55063,Z-31A, 5.29 , CP72-2086 ,8.00, 1.50 , Arcilloso , Mini Aspersion ,37%,35.00,73.17,10.88,52.00,97.54,92.00,67.77
2122,2,54,Los Jicaros,54001,GTE.-01, 30.00 , CP72-2086 ,3.00, 2.20 , Franco Arcilloso , Goteo ,24%,23.00,150.10,10.78,37.00,136.49,140.00,127.40
2122,2,54,Los Jicaros,54006,GTE.-03, 10.80 , CP89-2143 ,3.00, 2.20 , Arcilloso , Goteo ,38%,32.00,118.94,11.14,38.00,88.86,102.00,90.69
2122,2,54,Los Jicaros,54007,GTE.-04, 13.49 , Otras ,4.00, 2.20 , Arcilloso , Goteo ,35%,34.00,150.06,11.01,38.00,115.79,102.00,79.47
2122,2,54,Los Jicaros,54010,GTE.-05A, 1.90 , CP89-2143 ,3.00, 2.20 , Arcilloso , Goteo ,40%,31.00,123.38,11.11,37.00,69.55,70.00,60.40
2122,2,54,Los Jicaros,54011,GTE.-06, 2.60 , CP72-2086 ,3.00, 2.20 , Arcilloso , Goteo ,34%,33.00,159.73,11.08,38.00,101.31,105.00,98.89
2122,2,54,Los Jicaros,54014,GTE.-07, 21.54 , CP89-2143 ,3.00, 2.20 , Arcilloso , Goteo ,34%,33.00,124.62,11.24,43.00,86.72,92.50,69.53
2122,2,54,Los Jicaros,54019,GTE.-09, 11.47 , CP88-1165 ,4.00, 2.20 , Franco Arcillo Arenoso , Goteo ,41%,34.00,103.04,11.21,43.00,82.98,80.00,70.35
2122,2,54,Los Jicaros,54036,GTE-08A, 6.70 , CG98-78 ,3.00, 1.90 , Franco , Goteo ,43%,43.00,141.25,11.70,43.00,109.83,82.00,87.08
2122,2,54,Los Jicaros,54020,POTRI-01, 26.98 , CP89-2143 ,3.00, 2.20 , Franco Arcillo Arenoso , Goteo ,31%,24.00,134.78,10.19,4.00,90.61,118.00,87.70
2122,2,54,Los Jicaros,54022,POTRI-03, 5.64 , RB86-7515 ,1.00, 2.20 , Franco Arenoso , Goteo ,43%,35.00,158.76,10.16,11.00,115.07,120.00,102.46
2122,2,54,Los Jicaros,54023,POTRI-04, 6.67 , CP72-2086 ,2.00, 2.20 , Franco Arcillo Arenoso , Goteo ,39%,36.00,150.06,11.05,38.00,129.66,125.00,78.30
2122,2,54,Los Jicaros,54024,POTRI-04A, 3.50 , RB86-7515 ,1.00, 2.20 , Franco Arcilloso , Goteo ,34%,35.00,103.06,10.49,5.00,91.52,125.00,80.50
2122,2,54,Los Jicaros,54040,POTRI-04B, 3.00 , RB86-7515 ,1.00, 2.20 , Franco , Goteo ,51%,35.00,138.08,11.01,38.00,124.76,117.50,79.37
2122,2,54,Los Jicaros,54025,POTRI-05, 3.72 , RB86-7515 ,1.00, 2.20 , Franco Arcillo Arenoso , Goteo ,53%,35.00,138.06,11.05,42.00,91.16,110.00,81.65
2122,2,54,Los Jicaros,54026,TELP-01, 16.61 , CP00-1101 ,3.00, 2.20 , Franco Arcilloso , Goteo ,27%,36.00,154.87,11.97,11.00,107.33,110.00,93.26
2122,2,54,Los Jicaros,54027,TELP-02, 30.80 , CP72-2086 ,3.00, 2.20 , Franco Arcillo Arenoso , Goteo ,36%,35.00,150.10,11.44,29.00,150.63,130.00,125.06
2122,2,54,Los Jicaros,54042,TELP-03A, 11.92 , CP00-1101 ,3.00, 2.20 , Franco Arcilloso , Goteo ,31%,35.00,155.21,11.97,12.00,103.12,90.23,90.66
2122,2,35,Los Jicaros - La Teca,35003,GEMELOS, 22.31 , CP72-2086 ,2.00, 2.20 , Franco , Goteo ,32%,35.00,166.26,11.54,19.00,132.57,141.00,121.08
2122,2,35,Los Jicaros - La Teca,35001,LJ-01, 9.00 , CP72-2086 ,3.00, 2.20 , Franco , Goteo ,35%,36.00,172.53,11.47,38.00,148.42,120.00,110.28
2122,2,35,Los Jicaros - La Teca,35004,LJ-01A, 3.00 , CP72-2086 ,3.00, 2.20 , Franco , Goteo ,16%,35.00,103.16,11.18,23.00,80.43,85.00,64.82
2122,2,35,Los Jicaros - La Teca,35002,LJ-02, 5.00 , Otras ,3.00, 2.20 , Franco , Goteo ,29%,36.00,132.33,11.21,23.00,87.17,91.00,88.19
2122,2,35,Los Jicaros - La Teca,35005,LJ-02A, 6.37 , Otras ,3.00, 2.20 , Franco , Goteo ,35%,34.00,152.16,11.08,23.00,94.47,90.00,51.87
2122,2,53,Montelimar,53020,B-01, 13.32 , CP88-1165 ,8.00, 2.60 , Franco Arcillo Arenoso , Goteo ,11%,24.00,143.54,9.63,3.00,103.81,112.00,77.82
2122,2,53,Montelimar,53023,B-04, 1.27 , CP72-2086 ,6.00, 1.90 , Franco Arcillo Arenoso , Goteo ,39%,45.00,151.52,9.63,3.00,102.60,105.00,122.59
2122,2,53,Montelimar,53024,B-05, 13.08 , CP72-2086 ,2.00, 2.60 , Franco Arcillo Arenoso , Goteo ,11%,32.00,150.06,9.60,2.00,133.81,130.00,123.71
2122,2,53,Montelimar,53027,B-08, 12.23 , CG04-10295 ,1.00, 2.20 , Franco Arcilloso , Goteo ,10%,20.00,137.75,9.66,12.00,108.34,115.00,109.40
2122,2,53,Montelimar,53028,B-09, 2.25 , CG04-10295 ,2.00, 1.90 , Franco Arcillo Arenoso , Goteo ,31%,37.00,145.32,10.49,14.00,142.64,125.00,105.10
2122,2,53,Montelimar,53029,B-10, 5.85 , CP72-2086 ,3.00, 2.20 , Franco Arcillo Arenoso , Goteo ,24%,31.00,150.65,10.45,14.00,114.44,115.00,82.84
2122,2,53,Montelimar,53032,B-13, 1.47 , CP72-2086 ,3.00, 2.20 , Franco Arcilloso , Goteo ,49%,80.00,152.27,10.49,31.00,85.75,105.00,72.82
2122,2,53,Montelimar,53170,B-15A, 4.02 , CG04-10295 ,1.00, 2.20 , Franco Arcillo Arenoso , Goteo ,19%,20.00,118.35,11.24,28.00,95.79,115.00,84.76
2122,2,53,Montelimar,53035,B-16, 2.56 , CP72-2086 ,5.00, 1.90 , Franco Arcillo Arenoso , Goteo ,48%,30.00,150.37,12.36,31.00,200.11,90.00,81.76
2122,2,53,Montelimar,53036,B-17, 2.40 , CP72-2086 ,5.00, 1.90 , Arcilloso , Goteo ,48%,34.00,140.28,10.49,40.00,90.18,95.00,75.75
2122,2,53,Montelimar,53037,B-18, 2.29 , NA56-42 ,4.00, 2.20 , Franco Arcilloso , Goteo ,32%,41.00,146.85,10.49,31.00,74.64,95.00,125.71
2122,2,53,Montelimar,53068,D-01, 19.40 , CG04-10295 ,1.00, 1.65 , Franco Arenoso , Gravedad ,15%,24.00,125.09,11.05,36.00,134.33,121.00,108.38
2122,2,53,Montelimar,53205,D-02A, 1.49 , CP08-2256 ,5.00, 1.40 , Franco Arenoso , Gravedad ,30%,21.00,112.28,11.21,58.00,134.13,110.00,107.61
2122,2,53,Montelimar,53072,D-05, 1.30 , CG04-10295 ,1.00, 1.65 , Franco Arcillo Arenoso , Gravedad ,8%,21.00,95.03,10.95,47.00,122.16,115.00,79.60
2122,2,53,Montelimar,53075,D-08, 5.63 , CP72-2086 ,4.00, 1.50 , Franco Arcilloso , Gravedad ,36%,33.00,126.29,12.26,35.00,114.80,116.00,89.39
2122,2,53,Montelimar,53077,D-10, 2.26 , CG04-10295 ,1.00, 1.65 , Franco Arenoso , Gravedad ,16%,21.00,120.26,10.95,47.00,117.94,115.00,91.36
2122,2,53,Montelimar,53081,D-14, 4.96 , Otras ,4.00, 1.00 , Franco Arcilloso , Gravedad ,46%,27.00,134.91,11.01,66.00,125.70,102.00,84.99
2122,2,53,Montelimar,53082,D-15, 9.07 , NA56-42 ,7.00, 1.75 , Franco Arenoso , Gravedad ,36%,34.00,124.47,12.36,40.00,82.46,107.00,100.22
2122,2,53,Montelimar,53206,D-15A, 0.70 , CG04-10295 ,1.00, 1.65 , Franco Arenoso , Gravedad ,16%,22.00,128.03,11.11,57.00,106.68,110.00,118.03
2122,2,53,Montelimar,53084,D-17, 4.20 , CG04-10295 ,1.00, 1.65 , Franco Arcillo Arenoso , Gravedad ,6%,21.00,123.26,10.95,43.00,113.90,115.00,88.38
2122,2,53,Montelimar,53085,E-01, 7.89 , CP72-2086 ,2.00, 2.20 , Franco Arcillo Arenoso , Goteo ,34%,27.00,138.77,10.91,32.00,91.68,122.00,87.76
2122,2,53,Montelimar,53087,E-03, 19.74 , NA56-42 ,10.00, 2.60 , Arcilloso , Goteo ,20%,38.00,128.69,10.85,24.00,83.43,117.00,93.61
2122,2,53,Montelimar,53089,E-05, 2.29 , CG04-10295 ,1.00, 2.20 , Franco Arcillo Arenoso , Goteo ,14%,21.00,87.83,11.64,39.00,124.78,100.00,86.11
2122,2,53,Montelimar,53093,E-09, 3.48 , RB86-7515 ,1.00, 2.20 , Arcilloso , Goteo ,7%,24.00,135.34,8.91,16.00,150.90,100.00,97.64
2122,2,53,Montelimar,53094,E-10, 11.54 , CP72-2086 ,2.00, 2.60 , Arcilloso , Goteo ,25%,80.00,73.46,10.16,15.00,54.75,130.00,120.65
2122,2,53,Montelimar,53097,E-13, 5.07 , NA56-42 ,4.00, 2.20 , Franco Arcilloso , Goteo ,38%,33.00,117.99,11.60,12.00,114.19,91.00,82.73
2122,2,53,Montelimar,53099,E-15, 2.40 , CP72-2086 ,7.00, 1.90 , Franco Arcilloso , Goteo ,50%,42.00,117.68,10.42,12.00,110.49,100.00,116.02
2122,2,53,Montelimar,53102,E-18, 8.46 , NA56-42 ,2.00, 2.60 , Franco Arcilloso , Goteo ,51%,30.00,106.21,9.89,1.00,79.24,95.00,94.52
2122,2,53,Montelimar,53105,E-21, 7.88 , RB86-7515 ,1.00, 2.20 , Franco Arcillo Arenoso , Goteo ,22%,29.00,138.04,9.86,2.00,79.32,125.00,113.90
2122,2,53,Montelimar,53108,E-24, 2.70 , RB86-7515 ,1.00, 2.20 , Franco Arcillo Arenoso , Goteo ,71%,26.00,82.84,10.78,33.00,94.61,110.00,64.53
2122,2,53,Montelimar,53109,E-25, 7.80 , NA56-42 ,7.00, 1.90 , Franco Arcillo Arenoso , Goteo ,49%,36.00,150.10,10.72,12.00,91.77,118.00,86.64
2122,2,53,Montelimar,53110,E-26, 14.43 , RB86-7515 ,1.00, 2.20 , Franco Arcillo Arenoso , Goteo ,50%,35.00,67.73,11.28,30.00,99.88,110.00,84.45
2122,2,53,Montelimar,53112,E-28, 3.76 , NA56-42 ,3.00, 2.20 , Franco Arcillo Arenoso , Goteo ,55%,33.00,150.19,10.75,12.00,80.47,90.00,84.76
2122,2,53,Montelimar,53115,F-01, 0.81 , CP73-1547 ,13.00, 1.40 , Franco Arcillo Arenoso , Gravedad ,35%,24.00,103.27,12.23,72.00,88.40,85.00,84.28
2122,2,53,Montelimar,53117,F-03, 4.35 , CP72-2086 ,8.00, 1.50 , Franco Arcilloso , Goteo ,36%,33.00,132.46,11.51,23.00,253.96,90.00,94.07
2122,2,53,Montelimar,53118,F-04, 12.23 , CP72-2086 ,6.00, 1.90 , Franco Arcillo Arenoso , Goteo ,29%,32.00,122.04,11.51,23.00,132.42,112.00,96.19
2122,2,53,Montelimar,53121,GALL-01, 14.68 , CP72-2086 ,4.00, 2.20 , Franco Arcillo Arenoso , Goteo ,27%,41.00,150.13,11.31,19.00,96.50,105.00,83.77
2122,2,53,Montelimar,53124,GALL-03, 12.49 , NA56-42 ,4.00, 2.20 , Franco Arcillo Arenoso , Goteo ,29%,35.00,150.27,11.34,20.00,128.45,120.00,110.08
2122,2,53,Montelimar,53125,GALL-04, 9.99 , CP72-2086 ,4.00, 2.20 , Franco Arcillo Arenoso , Goteo ,21%,21.00,132.22,10.91,21.00,142.87,120.00,92.16
2122,2,53,Montelimar,53126,GALL-05, 9.66 , NA56-42 ,6.00, 1.90 , Franco Arcillo Arenoso , Goteo ,37%,36.00,142.53,11.41,21.00,147.42,120.00,99.63
2122,2,53,Montelimar,53128,LAV-01, 7.20 , NA56-42 ,5.00, 2.20 , Franco Arenoso , Goteo ,45%,26.00,123.53,9.73,13.00,73.70,110.00,81.28
2122,2,53,Montelimar,53129,LAV-02, 14.38 , CP00-1101 ,6.00, 2.20 , Franco Arcilloso , Goteo ,50%,39.00,155.69,11.08,13.00,106.73,123.00,116.83
2122,2,53,Montelimar,53130,LAV-03, 12.22 , CP72-2086 ,4.00, 2.20 , Franco Arcillo Arenoso , Goteo ,37%,36.00,157.20,11.34,22.00,112.88,120.00,97.70
2122,2,53,Montelimar,53144,R-01A, 4.80 , CP72-2086 ,1.00, 2.20 , Franco Arcilloso , Gravedad ,25%,30.00,120.81,11.83,70.00,108.82,100.00,106.19
2122,2,53,Montelimar,53147,R-05, 6.09 , RB86-7515 ,1.00, 1.65 , Franco Arcillo Arenoso , Gravedad ,34%,38.00,115.44,11.28,23.00,120.15,138.00,107.93
2122,2,53,Montelimar,53148,R-06, 9.70 , RB86-7515 ,1.00, 1.65 , Franco Arcillo Arenoso , Gravedad ,20%,25.00,116.60,11.05,36.00,115.69,125.00,111.02
2122,2,53,Montelimar,53150,R-08, 2.58 , NA56-42 ,5.00, 1.65 , Franco Arcillo Arenoso , Gravedad ,21%,10.00,121.58,11.77,73.00,74.87,65.00,46.21
2122,2,53,Montelimar,53151,SAN IGN-01, 10.53 , NA56-42 ,7.00, 1.90 , Arcilloso , Goteo ,35%,36.00,125.12,10.75,30.00,97.59,100.00,79.66
2122,2,53,Montelimar,53173,SAN ING-01A, 1.62 , CG04-10295 ,2.00, 2.40 , Franco Arenoso , Goteo ,5%,36.00,108.28,10.75,29.00,88.80,80.00,42.26
2122,2,50,Montelimar-02,50039,CF-01, 1.94 , NA56-42 ,9.00, 1.50 , Franco Arenoso , Gravedad ,17%,23.00,150.88,9.93,41.00,81.78,100.00,80.65
2122,2,50,Montelimar-02,50042,CF-04, 3.29 , CP72-2086 ,3.00, 1.50 , Franco Arenoso , Gravedad ,31%,25.00,127.12,9.89,41.00,89.63,110.00,85.12
2122,2,50,Montelimar-02,50043,CF-05, 2.50 , CG04-10295 ,2.00, 2.20 , Franco Arenoso , Goteo ,15%,27.00,151.64,10.39,22.00,81.05,98.00,57.30
2122,2,50,Montelimar-02,50191,CF-05A, 2.07 , NA56-42 ,9.00, 2.40 , Franco Arcilloso , Goteo ,50%,27.00,150.10,10.39,23.00,94.51,105.00,70.36
2122,2,50,Montelimar-02,50044,CF-06, 5.48 , CG04-10295 ,2.00, 2.20 , Franco Arenoso , Goteo ,21%,32.00,128.82,10.03,28.00,79.20,93.00,76.47
2122,2,50,Montelimar-02,50185,CF-06A, 1.38 , CG04-10295 ,2.00, 2.20 , Franco Arcilloso , Goteo ,12%,33.00,150.00,10.19,31.00,69.34,95.00,107.64
2122,2,50,Montelimar-02,50047,CF-09, 8.65 , CP73-1547 ,6.00, 1.40 , Franco Arenoso , Gravedad ,43%,37.00,147.44,11.83,39.00,132.58,95.00,75.25
2122,2,50,Montelimar-02,50049,CF-11, 13.02 , NA56-42 ,2.00, 1.65 , Franco Arenoso , Gravedad ,59%,24.00,144.55,10.32,38.00,133.56,100.00,81.41
2122,2,50,Montelimar-02,50179,CF-12A, 1.24 , NA56-42 ,9.00, 1.50 , Franco Arenoso , Gravedad ,56%,23.00,151.78,10.32,39.00,96.62,105.00,90.86
2122,2,50,Montelimar-02,50051,CF-13, 4.54 , CP89-2143 ,3.00, 2.20 , Franco Arenoso , Goteo ,38%,38.00,156.65,10.16,18.00,101.84,75.00,74.77
2122,2,50,Montelimar-02,50053,CF-15, 7.92 , NA56-42 ,9.00, 2.20 , Franco Arcillo Arenoso , Goteo ,23%,20.00,132.33,10.12,22.00,116.73,115.00,103.69
2122,2,50,Montelimar-02,50054,CF-16, 11.22 , CP89-2143 ,2.00, 2.20 , Franco Arcilloso , Goteo ,37%,18.00,115.84,11.31,31.00,97.62,97.00,82.80
2122,2,50,Montelimar-02,50055,CF-17, 7.16 , CG02-163 ,1.00, 2.20 , Franco Arcillo Arenoso , Goteo ,16%,28.00,117.87,11.60,44.00,87.18,95.00,68.31
2122,2,50,Montelimar-02,50056,CF-18, 2.70 , CG04-10295 ,2.00, 2.20 , Franco Arenoso , Goteo ,21%,17.00,147.22,11.90,32.00,105.05,105.00,80.14
2122,2,50,Montelimar-02,50057,CF-19, 5.84 , CP72-2086 ,4.00, 1.50 , Franco Arenoso , Gravedad ,46%,25.00,139.62,11.93,56.00,90.95,113.00,86.99
2122,2,50,Montelimar-02,50193,CF-20A, 1.00 , NA56-42 ,8.00, 1.50 , Franco Arcilloso , Gravedad ,50%,23.00,270.32,10.82,47.00,79.16,87.00,76.06
2122,2,50,Montelimar-02,50059,CF-21, 3.06 , CG02-163 ,3.00, 2.20 , Franco Arenoso , Goteo ,44%,26.00,83.51,10.82,21.00,74.44,90.00,72.69
2122,2,50,Montelimar-02,50194,CF-21A, 2.01 , CG04-10295 ,3.00, 2.20 , Franco Arcilloso , Goteo ,35%,21.00,83.23,10.82,20.00,98.16,105.00,61.29
2122,2,50,Montelimar-02,50061,CH-02, 6.10 , RB86-7515 ,1.00, 2.20 , Franco Arenoso , Goteo ,43%,29.00,158.75,10.09,18.00,90.90,125.00,77.92
2122,2,50,Montelimar-02,50063,CH-04, 1.32 , CP00-1630 ,3.00, 2.20 , Franco Arenoso , Goteo ,49%,30.00,124.25,11.37,26.00,41.13,75.00,26.58
2122,2,50,Montelimar-02,50064,CH-05, 2.46 , CP72-2086 ,3.00, 2.20 , Franco Arenoso , Goteo ,49%,29.00,149.33,11.54,32.00,79.61,110.00,65.06
2122,2,50,Montelimar-02,50065,CH-06, 10.17 , CP72-2086 ,7.00, 1.90 , Franco Arenoso , Goteo ,45%,29.00,136.36,10.98,15.00,89.95,90.00,62.44
2122,2,50,Montelimar-02,50131,M-01, 2.09 , CP72-2086 ,4.00, 2.20 , Franco Arenoso , Goteo ,46%,25.00,173.88,10.36,21.00,95.15,92.00,96.34
2122,2,50,Montelimar-02,50132,M-02, 3.26 , RB86-7515 ,1.00, 2.20 , Franco Arenoso , Goteo ,38%,19.00,126.24,11.37,23.00,105.64,115.00,101.49
2122,2,50,Montelimar-02,50133,M-03, 8.90 , CP72-2086 ,3.00, 2.20 , Franco Arenoso , Goteo ,38%,33.00,161.31,10.32,21.00,90.84,95.00,73.57
2122,2,50,Montelimar-02,50135,M-05, 5.83 , CP88-1165 ,4.00, 2.20 , Franco Arenoso , Goteo ,32%,35.00,119.13,11.87,21.00,92.42,85.00,38.22
2122,2,50,Montelimar-02,50136,M-07, 3.50 , CP89-2143 ,3.00, 2.20 , Franco Arenoso , Goteo ,28%,25.00,134.39,10.36,21.00,66.84,80.00,56.76
2122,2,50,Montelimar-02,50137,M-08, 3.43 , NA56-42 ,6.00, 2.40 , Franco Arenoso , Goteo ,42%,33.00,118.94,10.36,21.00,67.62,90.00,83.01
2122,2,50,Montelimar-02,50138,M-09, 2.32 , RB86-7515 ,1.00, 2.20 , Franco Arenoso , Goteo ,37%,19.00,126.44,11.34,23.00,89.07,100.00,72.29
2122,2,50,Montelimar-02,50139,M-10, 4.06 , CP72-2086 ,6.00, 1.90 , Franco Arenoso , Goteo ,43%,33.00,162.11,10.36,22.00,98.39,110.00,76.33
2122,2,50,Montelimar-02,50140,M-11, 3.59 , CP08-2256 ,4.00, 2.20 , Franco Arenoso , Goteo ,30%,33.00,127.76,10.36,21.00,70.68,93.00,88.64
2122,2,50,Montelimar-02,50153,V-01, 4.29 , CG04-10295 ,2.00, 1.50 , Franco Arenoso , Gravedad ,28%,32.00,151.08,10.45,43.00,87.22,100.00,80.45
2122,2,50,Montelimar-02,50154,V-02, 11.30 , CG04-10295 ,1.00, 1.65 , Franco Arcilloso , Gravedad ,17%,19.00,125.44,10.06,32.00,72.34,95.00,66.10
2122,2,50,Montelimar-02,50156,V-04, 5.24 , CP72-2086 ,4.00, 2.20 , Franco Arenoso , Goteo ,54%,37.00,125.86,9.66,3.00,94.56,80.00,83.75
2122,2,50,Montelimar-02,50158,V-06, 3.87 , RB86-7515 ,2.00, 2.20 , Franco Arenoso , Goteo ,40%,39.00,172.66,10.75,33.00,109.81,120.00,96.27
2122,2,50,Montelimar-02,50159,V-07, 1.59 , NA56-42 ,4.00, 2.20 , Franco Arenoso , Goteo ,49%,34.00,147.56,12.36,35.00,129.51,117.00,132.42
2122,2,50,Montelimar-02,50160,V-08, 3.95 , RB86-7515 ,1.00, 1.65 , Arcilloso , Gravedad ,27%,37.00,109.56,12.00,44.00,93.52,90.00,99.13
2122,2,50,Montelimar-02,50184,V-08A, 1.21 , RB86-7515 ,1.00, 1.65 , Arcilloso , Gravedad ,6%,28.00,250.90,9.53,39.00,76.82,95.00,82.93
2122,2,50,Montelimar-02,50161,V-09, 8.98 , RB86-7515 ,1.00, 2.20 , Arcilloso , Goteo ,24%,28.00,118.70,9.43,25.00,59.72,90.00,57.97
2122,3,84,Azacualpa,84004,A-04, 77.32 , CP89-2143 ,4.00, 2.20 , Franco Arenoso , Goteo ,39%,48.00,125.90,10.52,21.00,89.32,92.00,62.84
2122,3,64,Buen Suceso,64012,S-03, 13.96 , CP72-2086 ,7.00, 1.90 , Franco Arcillo Arenoso , Goteo ,52%,53.00,125.59,13.61,111.00,81.18,75.00,61.13
2122,3,64,Buen Suceso,64019,S-10, 2.51 , CP72-2086 ,4.00, 2.20 , Franco Arcillo Arenoso , Goteo ,36%,36.00,103.06,12.39,76.00,65.91,80.00,61.86
2122,3,64,Buen Suceso,64020,S-11, 1.11 , CP72-2086 ,4.00, 2.20 , Franco Arcillo Arenoso , Goteo ,35%,34.00,103.05,12.39,74.00,65.23,102.00,100.12
2122,3,64,Buen Suceso,64024,S-15, 12.97 , RB86-7515 ,1.00, 2.20 , Franco Arcillo Arenoso , Goteo ,39%,65.00,117.28,9.66,26.00,40.42,80.00,32.00
2122,3,64,Buen Suceso,64029,S-19A, 1.23 , CG02-163 ,3.00, 2.20 , Franco Arcilloso , Goteo ,44%,33.00,68.01,10.82,26.00,85.00,95.00,85.12
2122,3,83,Buen Suceso 2,83001,A-01, 19.14 , CP72-2086 ,3.00, 2.20 , Arcilloso , Goteo ,20%,25.00,150.10,10.72,35.00,116.44,130.00,95.71
2122,3,22,Buen Suceso 3,22001,BS-0101, 19.29 , RB86-7515 ,1.00, 2.20 , Franco Arcilloso , Goteo ,23%,52.00,79.38,11.34,40.00,93.48,119.00,102.55
2122,3,22,Buen Suceso 3,22004,BS-0104, 28.59 , RB86-7515 ,1.00, 2.20 , Franco Arcilloso , Goteo ,46%,58.00,113.57,11.24,39.00,107.60,125.00,87.41
2122,3,22,Buen Suceso 3,22024,BS-0109, 3.00 , CG02-163 ,1.00, 2.20 , Franco Arcilloso , Goteo ,21%,47.00,113.24,10.62,20.00,80.71,90.00,87.78
2122,3,22,Buen Suceso 3,22009,BS-0201, 40.51 , CG04-10295 ,1.00, 2.20 , Franco Arcilloso , Goteo ,24%,47.00,114.69,11.37,40.00,142.88,100.00,78.03
2122,3,22,Buen Suceso 3,22017,BS-0209, 31.24 , CG02-163 ,1.00, 2.20 , Franco Arcilloso , Goteo ,52%,63.00,113.19,11.18,43.00,71.57,88.00,80.08
2122,3,57,El Apante,57001,A-01, 3.60 , CP88-1165 ,5.00, 2.20 , Franco Arcillo Arenoso , Goteo ,35%,29.00,103.11,11.87,19.00,69.66,60.00,69.43
2122,3,57,El Apante,57007,A-07, 12.13 , CP88-1165 ,4.00, 2.20 , Franco Arcillo Arenoso , Goteo ,34%,28.00,103.06,11.90,19.00,63.62,60.00,45.18
2122,3,57,El Apante,57025,B-02, 2.83 , CP89-2143 ,3.00, 2.20 , Franco Arcillo Arenoso , Goteo ,32%,33.00,105.15,11.93,23.00,62.41,50.00,63.17
2122,3,57,El Apante,57026,B-03, 4.20 , CP72-2086 ,3.00, 2.20 , Franco Arcillo Arenoso , Goteo ,60%,37.00,132.39,11.70,31.00,125.76,110.00,97.32
2122,3,57,El Apante,57029,B-06, 5.92 , CP72-2086 ,5.00, 2.20 , Franco Arenoso , Goteo ,33%,34.00,138.72,11.74,32.00,82.36,90.00,91.80
2122,3,57,El Apante,57041,B-19, 0.85 , NA56-42 ,3.00, 2.20 , Franco Arenoso , Goteo ,55%,33.00,160.16,11.80,19.00,104.81,95.00,69.37
2122,3,57,El Apante,57042,B-20, 3.15 , RB86-7515 ,1.00, 2.20 , Franco Arcillo Arenoso , Goteo ,11%,22.00,92.61,10.52,19.00,58.28,55.00,53.89
2122,3,57,El Apante,57044,B-23, 9.86 , CP88-1165 ,5.00, 2.20 , Franco Arenoso , Goteo ,43%,31.00,118.51,11.83,19.00,70.66,60.00,50.85
2122,3,57,El Apante,57046,B-25, 8.92 , CP72-2086 ,5.00, 1.90 , Franco Arenoso , Goteo ,40%,34.00,143.54,11.74,32.00,106.97,105.00,84.72
2122,3,57,El Apante,57049,B-28, 3.04 , NA56-42 ,3.00, 2.20 , Franco Arcillo Arenoso , Goteo ,44%,31.00,103.04,11.80,20.00,77.93,70.00,62.03
2122,3,57,El Apante,57052,B-31, 5.81 , NA56-42 ,8.00, 2.40 , Franco Arcillo Arenoso , Goteo ,44%,32.00,103.08,11.24,2.00,65.09,60.00,68.04
2122,3,65,El Modelo,65012,MOD M-01, 26.04 , CP72-2086 ,5.00, 2.20 , Franco Arenoso , Goteo ,35%,45.00,120.15,10.98,15.00,103.55,120.00,107.97
2122,3,65,El Modelo,65018,MOD M-07, 30.35 , CP88-1165 ,5.00, 2.20 , Franco Arenoso , Goteo ,29%,65.00,170.57,11.21,22.00,133.98,131.00,114.66
2122,3,65,El Modelo,65004,MOD-04, 31.08 , CP72-2086 ,5.00, 2.20 , Franco Arenoso , Goteo ,23%,51.00,152.16,11.31,26.00,91.55,105.00,70.51
2122,3,72,La Chinampa,72001,CH-01, 16.36 , CP00-1101 ,5.00, 2.20 , Franco , Goteo ,29%,46.00,143.07,11.60,26.00,155.33,120.00,116.02
2122,3,72,La Chinampa,72003,CH-03, 12.83 , CP88-1165 ,3.00, 2.20 , Franco , Goteo ,44%,29.00,121.31,9.96,25.00,108.02,118.00,97.57
2122,3,72,La Chinampa,72005,CH-05, 3.00 , CP88-1165 ,5.00, 2.20 , Franco , Goteo ,26%,43.00,150.15,11.44,20.00,93.70,103.00,162.38
2122,3,72,La Chinampa,72007,CH-07, 47.98 , CP88-1165 ,5.00, 2.20 , Franco , Goteo ,25%,51.00,122.33,11.60,26.00,123.80,103.00,105.11
2122,3,72,La Chinampa,72015,CH-15, 5.13 , CP72-2086 ,3.00, 2.20 , Franco , Goteo ,29%,39.00,103.09,10.06,29.00,85.54,90.00,91.59
2122,3,72,La Chinampa,72016,CH-16, 10.71 , CP08-2256 ,4.00, 2.20 , Franco , Goteo ,29%,32.00,133.22,11.80,29.00,142.62,120.00,124.75
2122,3,72,La Chinampa,72017,CH-17, 3.51 , CP72-2086 ,5.00, 2.20 , Franco , Goteo ,55%,38.00,113.32,11.93,28.00,157.23,110.00,116.48
2122,3,72,La Chinampa,72018,CH-18, 9.40 , CP72-2086 ,3.00, 2.20 , Franco , Goteo ,38%,37.00,150.10,10.03,28.00,127.17,110.00,114.82
2122,3,72,La Chinampa,72020,CH-20, 3.82 , CP72-2086 ,5.00, 1.90 , Franco , Goteo ,26%,25.00,150.10,10.95,37.00,125.98,120.00,113.51
2122,3,86,La Concha,86002,CONCHA-02, 12.04 , CP72-2086 ,3.00, 1.60 , Franco , Mini Aspersion ,26%,45.00,126.93,10.59,30.00,93.78,110.00,93.92
2122,3,39,San Antonio Nandayosi,39001,SA-0101, 49.46 , CP88-1165 ,4.00, 2.20 , Franco Arcilloso , Goteo ,44%,48.00,122.45,10.59,36.00,96.11,110.00,82.05
2122,3,39,San Antonio Nandayosi,39011,SA-0111, 33.07 , CP89-2143 ,4.00, 2.20 , Franco Arcilloso , Goteo ,41%,44.00,150.14,10.59,38.00,113.32,122.00,90.47
2122,3,39,San Antonio Nandayosi,39021,SA-0121, 16.41 , CP88-1165 ,4.00, 2.20 , Franco Arcilloso , Goteo ,44%,47.00,141.73,10.55,38.00,79.09,114.00,71.35
2122,3,43,San Francisco Palo Alto,43001,SFPA-01, 24.58 , CP88-1165 ,5.00, 2.20 , Franco Arcilloso , Goteo ,43%,56.00,139.05,10.62,41.00,112.73,107.00,78.97
2122,3,43,San Francisco Palo Alto,43005,SFPA-03A, 4.09 , NA56-42 ,5.00, 2.20 , Franco Arcilloso , Goteo ,43%,65.00,150.06,10.62,41.00,105.81,110.00,80.83
2122,3,43,San Francisco Palo Alto,43004,SFPA-04, 9.37 , NA56-42 ,5.00, 2.20 , Franco Arcilloso , Goteo ,34%,48.00,150.13,10.62,40.00,84.58,128.00,100.73
2122,3,85,Santa Isabel,85001,STA I-01, 24.61 , CP88-1165 ,2.00, 2.20 , Franco , Goteo ,28%,48.00,121.90,13.41,29.00,74.19,100.00,89.27
2122,3,81,Tono Lira,81001,CALA-01, 9.81 , CP88-1165 ,4.00, 2.20 , Franco Arenoso , Goteo ,34%,38.00,172.66,11.47,42.00,107.19,133.00,75.32
2122,3,81,Tono Lira,81002,CALA-02, 4.65 , RB86-7515 ,4.00, 2.20 , Franco Arenoso , Goteo ,50%,52.00,170.04,11.47,43.00,125.04,140.00,116.01
2122,3,81,Tono Lira,81003,CALA-03, 6.62 , CP72-2086 ,4.00, 2.20 , Franco Arenoso , Goteo ,41%,44.00,172.66,11.47,43.00,118.67,132.00,92.43
2122,3,60,Vasconia,60016,ANIMAS-06A, 13.28 , NA56-42 ,4.00, 2.20 , Arcilloso , Goteo ,30%,40.00,112.79,10.95,30.00,93.83,95.00,64.55
2122,3,60,Vasconia,60003,GTE-03, 14.09 , CP72-2086 ,3.00, 2.20 , Franco , Goteo ,50%,45.00,150.14,10.95,23.00,72.63,75.00,72.21
2122,3,60,Vasconia,60018,MOJON-01, 8.14 , CP72-2086 ,5.00, 1.90 , Franco Arcilloso , Goteo ,49%,71.00,103.07,10.68,23.00,75.80,90.00,89.58
2122,3,60,Vasconia,60022,PRESA SEC-02, 20.02 , CP72-2086 ,5.00, 2.20 , Arcilloso , Goteo ,40%,38.00,103.09,11.34,20.00,86.45,85.00,69.13
2122,3,60,Vasconia,60036,SARZAL-01, 10.76 , CP72-2086 ,5.00, 1.90 , Franco , Goteo ,41%,35.00,128.81,11.77,34.00,94.50,110.00,85.13
2122,3,60,Vasconia,60040,SARZAL-04, 4.70 , RB86-7515 ,5.00, 2.40 , Franco Arcilloso , Goteo ,42%,54.00,103.04,10.91,33.00,62.27,70.00,46.75
2122,3,60,Vasconia,60028,SITIO-02, 18.57 , CP88-1165 ,5.00, 2.40 , Arcilloso , Goteo ,47%,39.00,86.87,11.05,13.00,79.88,78.00,65.27
2122,3,60,Vasconia,60029,SITIO-03, 17.95 , CP88-1165 ,5.00, 2.40 , Arcilloso , Goteo ,22%,39.00,103.13,11.47,17.00,85.53,85.00,71.08
2122,3,60,Vasconia,60030,SITIO-04, 9.76 , CP88-1165 ,5.00, 2.40 , Franco Arcilloso , Goteo ,47%,36.00,103.06,11.01,9.00,85.50,75.00,68.04
2122,3,60,Vasconia,60031,SITIO-05, 18.81 , CP89-2143 ,3.00, 2.20 , Franco , Goteo ,24%,42.00,150.08,10.88,6.00,115.85,112.00,108.54
2122,3,60,Vasconia,60033,SITIO-07, 6.06 , CP72-2086 ,6.00, 1.90 , Franco Arcillo Arenoso , Goteo ,42%,42.00,206.15,10.91,4.00,96.20,85.00,102.75
2122,3,60,Vasconia,60034,SITIO-08, 7.49 , CP00-1101 ,6.00, 2.20 , Franco Arcillo Arenoso , Goteo ,46%,37.00,150.09,11.54,4.00,109.75,122.00,116.12
2122,3,61,Waterloo,61026,PLAT-01A, 0.96 , CP72-2086 ,3.00, 2.20 , Franco Arcilloso , Goteo ,39%,18.00,113.49,12.72,22.00,72.01,110.00,62.34
2122,3,61,Waterloo,61027,PLAT-02, 4.23 , NA56-42 ,4.00, 2.20 , Franco Arcilloso , Goteo ,30%,28.00,132.54,11.37,36.00,91.55,114.00,83.51
2122,3,61,Waterloo,61028,PLAT-03, 4.00 , CP72-2086 ,4.00, 2.20 , Franco Arcillo Arenoso , Goteo ,27%,22.00,139.85,11.51,36.00,115.92,125.00,98.51
2122,3,61,Waterloo,61032,PLAT-07, 3.91 , CP72-2086 ,3.00, 2.20 , Franco Arcillo Arenoso , Goteo ,31%,36.00,129.53,11.47,36.00,127.33,100.00,96.47
2122,3,61,Waterloo,61033,PLAT-08, 3.68 , RB86-7515 ,1.00, 2.20 , Franco Arcillo Arenoso , Goteo ,52%,35.00,138.08,8.55,15.00,77.04,80.00,60.56
2122,3,61,Waterloo,61001,PRESA-01, 16.18 , RB86-7515 ,1.00, 2.20 , Franco Arcilloso , Goteo ,39%,44.00,92.69,11.28,17.00,118.26,95.00,69.92
2122,3,61,Waterloo,61005,PRESA-05, 19.88 , CP00-1101 ,5.00, 2.20 , Franco Arcilloso , Goteo ,35%,52.00,103.09,11.47,37.00,79.06,95.00,65.94
2122,3,61,Waterloo,61013,PRESA-13, 6.57 , CG02-163 ,2.00, 2.20 , Franco , Goteo ,13%,37.00,102.94,11.21,17.00,70.86,91.00,71.56
2122,3,61,Waterloo,61015,PRESA-15, 3.62 , RB86-7515 ,1.00, 2.20 , Franco Arcillo Arenoso , Goteo ,39%,41.00,115.01,8.55,15.00,67.65,80.00,76.56
2122,3,61,Waterloo,61016,PRESA-16, 3.91 , RB86-7515 ,2.00, 2.20 , Franco Arcillo Arenoso , Goteo ,14%,37.00,102.90,11.37,22.00,99.24,90.00,60.56
2122,3,61,Waterloo,61017,PRESA-17, 3.23 , RB84-5210 ,2.00, 2.20 , Franco Arcillo Arenoso , Goteo ,6%,37.00,96.61,11.41,21.00,80.54,85.00,60.58
2122,3,61,Waterloo,61019,PRESA-18, 3.64 , RB84-5210 ,2.00, 2.20 , Franco Arcillo Arenoso , Goteo ,24%,38.00,119.44,11.41,21.00,93.49,90.00,62.91
2122,3,61,Waterloo,61021,PRESA-19, 12.41 , RB86-7515 ,1.00, 2.20 , Franco Arcillo Arenoso , Goteo ,49%,36.00,107.32,7.50,16.00,70.02,80.00,72.54
2122,3,61,Waterloo,61023,PRESA-21, 3.64 , RB86-7515 ,2.00, 2.20 , Franco Arcillo Arenoso , Goteo ,20%,38.00,103.06,11.41,21.00,104.03,110.00,61.37
2122,3,61,Waterloo,61024,PRESA-22, 3.24 , RB86-7515 ,2.00, 2.20 , Franco Arcillo Arenoso , Goteo ,36%,38.00,103.07,11.41,21.00,101.99,114.00,57.68
2122,3,61,Waterloo,61048,ZACAT-01, 2.03 , CP72-2086 ,5.00, 1.80 , Franco Arcillo Arenoso , Goteo ,27%,21.00,142.16,11.80,36.00,103.73,112.00,94.59
2122,4,47,El Escondido,47001,EC-01, 34.45 , CP72-2086 ,5.00, 2.20 , Arcilloso , Goteo ,32%,28.00,112.35,12.75,4.00,103.70,105.00,100.10
2122,4,47,El Escondido,47004,EC-04, 18.00 , CP72-2086 ,4.00, 2.20 , Arcilloso , Goteo ,28%,33.00,132.13,12.50,18.00,122.42,120.00,114.94
2122,4,17,Galo Lopez,17001,TP-01, 11.09 , CP89-2143 ,5.00, 1.90 , Franco Arenoso , Goteo ,38%,50.00,172.48,12.23,36.00,106.34,130.00,125.85
2122,4,17,Galo Lopez,17003,TP-03, 31.72 , CP72-2086 ,5.00, 1.90 , Franco Arcilloso , Goteo ,32%,51.00,145.51,12.20,38.00,132.36,115.00,105.80
2122,4,17,Galo Lopez,17007,TP-07, 42.09 , NA56-42 ,2.00, 1.60 , Arcilloso , Mini Aspersion ,43%,74.00,83.63,11.80,32.00,78.83,50.00,45.40
2122,4,58,San Jose Nagarote,58001,SJ-01, 35.81 , CP88-1165 ,5.00, 2.20 , Arcilloso , Goteo ,35%,31.00,95.14,10.75,22.00,84.50,90.00,64.02
2122,4,58,San Jose Nagarote,58005,SJ-05, 18.01 , CP72-2086 ,5.00, 2.20 , Franco , Goteo ,55%,69.00,79.03,10.65,20.00,87.92,80.00,78.36
2122,4,58,San Jose Nagarote,58008,SJ-08, 9.49 , CP88-1165 ,5.00, 2.20 , Franco , Goteo ,41%,28.00,99.06,10.85,23.00,130.84,100.00,77.90
2122,4,58,San Jose Nagarote,58010,SJ-10, 4.42 , CP72-2086 ,3.00, 2.20 , Franco , Goteo ,42%,29.00,113.63,10.85,22.00,93.92,105.00,87.84
2122,4,73,San Pedro,73016,SP-0301, 39.90 , CP72-2086 ,4.00, 2.20 , Arcilloso , Goteo ,33%,30.00,94.29,12.29,44.00,106.64,95.00,92.63
2122,4,92,Sarria,92001,SA-0101, 74.47 , CG02-163 ,1.00, 2.20 , Franco Arcilloso , Goteo ,21%,35.00,129.18,10.98,23.00,76.62,98.00,89.35
2122,4,92,Sarria,92014,SA-0306, 10.03 , CG02-163 ,1.00, 2.20 , Franco Arcilloso , Goteo ,33%,29.00,130.07,10.95,21.00,80.51,105.00,82.21
2122,6,16,Sucuya,16080,1608-0, 4.88 , CP72-2086 ,6.00, 1.50 , Franco , Gravedad ,52%,8.00,124.24,10.36,51.00,89.26,110.00,89.92
2122,6,16,Sucuya,16141,1614-1, 6.52 , CP72-2086 ,6.00, 1.50 , Franco Arenoso , Gravedad ,41%,43.00,125.06,11.28,24.00,137.20,115.00,97.31
2122,6,16,Sucuya,16143,1614-3, 0.20 , CP72-2086 ,5.00, 1.50 , Franco Arenoso , Gravedad ,34%,48.00,156.80,11.24,24.00,114.69,100.00,173.45
2122,6,16,Sucuya,16150,1615-0, 6.15 , NA56-42 ,10.00, 1.50 , Franco , Gravedad ,59%,40.00,122.38,11.31,24.00,136.48,117.00,114.89
2122,6,16,Sucuya,16170,1617-0, 6.39 , CG02-163 ,1.00, 1.65 , Franco , Gravedad ,17%,45.00,124.33,11.31,29.00,110.68,100.00,98.35
2122,6,16,Sucuya,16180,1618-0, 11.01 , CP72-2086 ,6.00, 1.50 , Franco , Gravedad ,40%,49.00,121.53,11.31,28.00,91.72,110.00,109.76
2122,6,16,Sucuya,16201,1620-1, 4.43 , CP72-2086 ,5.00, 1.50 , Franco , Gravedad ,53%,51.00,127.42,11.34,24.00,124.95,100.00,99.05
2122,6,16,Sucuya,16202,1620-2, 2.86 , CP72-2086 ,5.00, 1.50 , Franco , Gravedad ,51%,36.00,127.93,11.31,23.00,185.10,113.00,116.75
2122,6,16,Sucuya,16241,1624-1, 2.14 , CP72-2086 ,6.00, 1.50 , Franco Arcilloso , Gravedad ,40%,42.00,117.24,11.31,26.00,118.06,90.00,85.71
2122,6,16,Sucuya,16243,1624-3, 2.00 , CP72-2086 ,5.00, 1.50 , Franco , Gravedad ,57%,44.00,125.44,11.28,25.00,77.66,75.00,103.45
2122,6,16,Sucuya,16244,1624-4, 2.00 , CP72-2086 ,5.00, 1.50 , Franco Arcilloso , Gravedad ,33%,44.00,125.44,11.31,26.00,80.78,90.00,101.10
2122,6,16,Sucuya,16302,1630-2, 11.15 , CG02-163 ,1.00, 1.65 , Franco , Gravedad ,25%,45.00,97.15,11.51,30.00,121.03,120.00,135.87
2122,6,16,Sucuya,16331,1633-1, 3.02 , RB84-5210 ,1.00, 1.65 , Franco Arenoso , Gravedad ,8%,53.00,124.61,11.57,32.00,109.58,117.00,114.81
2122,6,16,Sucuya,16332,1633-2, 6.66 , RB84-5210 ,1.00, 1.65 , Franco Arenoso , Gravedad ,8%,52.00,125.57,11.28,24.00,154.41,117.00,108.48
2122,6,16,Sucuya,16333,1633-3, 4.82 , CG04-10295 ,1.00, 1.65 , Franco Arenoso , Gravedad ,6%,53.00,125.79,11.54,31.00,171.44,130.00,120.81
2122,6,16,Sucuya,16342,1634-2, 5.55 , CP72-2086 ,6.00, 1.50 , Franco Arenoso , Gravedad ,68%,58.00,120.54,11.51,32.00,105.63,105.00,68.47
2122,6,16,Sucuya,16362,1636-2, 2.98 , CP72-2086 ,5.00, 1.50 , Franco , Gravedad ,66%,52.00,126.28,11.54,32.00,112.92,95.00,121.01
2122,6,16,Sucuya,16371,1637-1, 6.77 , CP72-2086 ,6.00, 1.50 , Franco , Gravedad ,52%,37.00,125.07,11.28,38.00,97.43,115.00,114.53
2122,6,16,Sucuya,16380,1638-0, 1.77 , CG02-163 ,1.00, 1.65 , Franco Arcilloso , Gravedad ,3%,22.00,124.02,11.67,38.00,86.09,80.00,75.95
2122,6,16,Sucuya,16420,1642-0, 3.04 , CP72-2086 ,4.00, 1.50 , Franco Arcilloso , Gravedad ,23%,28.00,123.79,11.44,19.00,80.29,110.00,88.57
2122,6,16,Sucuya,16430,1643-0, 4.77 , CP72-2086 ,5.00, 1.50 , Franco Arcilloso , Gravedad ,34%,28.00,124.92,11.44,19.00,67.16,85.00,75.84
2122,6,16,Sucuya,16440,1644-0, 4.23 , CG98-78 ,3.00, 1.50 , Franco Arcilloso , Gravedad ,23%,26.00,126.04,11.41,19.00,62.75,75.00,86.40
2122,6,16,Sucuya,16460,1646-0, 1.80 , RB86-7515 ,2.00, 1.50 , Franco Arcilloso , Gravedad ,26%,44.00,119.87,11.14,29.00,73.08,80.00,56.43
2122,6,16,Sucuya,16480,1648-0, 2.75 , CP72-2086 ,4.00, 1.50 , Franco Arcilloso , Gravedad ,32%,29.00,125.44,11.44,20.00,77.38,80.00,51.80
2122,6,16,Sucuya,16490,1649-0, 3.58 , CP72-2086 ,4.00, 1.50 , Franco , Gravedad ,32%,29.00,122.64,11.47,21.00,85.13,75.00,85.02
2122,6,16,Sucuya,16500,1650-0, 7.74 , CG98-78 ,3.00, 1.50 , Franco , Gravedad ,24%,73.00,125.60,11.01,64.00,88.88,85.00,88.74
2122,6,16,Sucuya,16510,1651-0, 10.45 , RB86-7515 ,1.00, 1.65 , Franco , Gravedad ,27%,37.00,126.04,11.37,21.00,116.05,115.00,100.71
2122,6,16,Sucuya,16530,1653-0, 9.52 , CP72-2086 ,6.00, 1.50 , Franco , Gravedad ,54%,30.00,120.79,11.41,21.00,101.89,97.00,93.59
2122,6,16,Sucuya,16560,1656-0, 9.27 , RB86-7515 ,1.00, 1.65 , Franco Arcilloso , Gravedad ,30%,42.00,125.17,11.24,18.00,88.90,108.00,94.85
2122,6,16,Sucuya,16580,1658-0, 9.46 , CP72-2086 ,3.00, 1.50 , Franco Arcilloso , Gravedad ,3%,26.00,124.87,11.44,19.00,94.19,110.00,98.98
2122,6,16,Sucuya,16602,1660-2, 1.49 , CP72-2086 ,4.00, 1.50 , Franco Arcilloso , Gravedad ,23%,40.00,126.28,11.37,40.00,53.13,75.00,86.24
2122,6,16,Sucuya,16631,1663-1, 5.39 , CP72-2086 ,7.00, 1.50 , Franco , Gravedad ,24%,27.00,124.12,11.37,22.00,141.37,93.00,90.96
2122,6,16,Sucuya,16641,1664-1, 5.81 , CP72-2086 ,7.00, 1.50 , Franco , Gravedad ,36%,16.00,118.75,11.37,36.00,122.03,100.00,107.65
2122,6,16,Sucuya,16642,1664-2, 4.17 , CG04-10295 ,2.00, 1.50 , Franco , Gravedad ,6%,40.00,125.30,11.28,36.00,67.23,105.00,133.30
2122,6,16,Sucuya,16643,1664-3, 6.86 , CP73-1547 ,2.00, 1.50 , Franco , Gravedad ,4%,40.00,125.34,11.28,36.00,61.95,109.75,47.37
2122,6,16,Sucuya,16660,1666-0, 9.39 , CG04-10295 ,1.00, 1.65 , Franco Arcilloso , Gravedad ,14%,42.00,124.68,11.34,36.00,98.81,98.00,88.22
2122,6,16,Sucuya,16670,1667-0, 18.09 , CP73-1547 ,0.00, 1.50 , Franco Arcilloso , Gravedad ,22%,70.00,124.82,10.72,51.00,69.13,103.00,71.52
2122,6,16,Sucuya,16690,1669-0, 7.20 , CP73-1547 ,1.00, 1.65 , Franco Arcilloso , Gravedad ,13%,48.00,124.86,11.34,30.00,97.32,115.00,83.40
2122,6,16,Sucuya,16700,1670-0, 3.79 , CG02-163 ,1.00, 1.65 , Franco Arcilloso , Gravedad ,3%,39.00,124.12,11.41,41.00,116.35,96.00,87.21
2122,6,16,Sucuya,16710,1671-0, 12.13 , CP73-1547 ,1.00, 1.65 , Franco Arcilloso , Gravedad ,17%,50.00,127.54,11.41,35.00,110.64,125.00,112.34
2122,6,16,Sucuya,16720,1672-0, 4.77 , CP73-1547 ,1.00, 1.65 , Franco Arcilloso , Gravedad ,13%,44.00,122.72,11.37,35.00,112.42,120.00,100.10
2122,6,16,Sucuya,16730,1673-0, 11.00 , CP73-1547 ,1.00, 1.65 , Franco , Gravedad ,9%,57.00,125.44,11.51,36.00,91.51,120.00,85.76
2122,6,16,Sucuya,16740,1674-0, 8.93 , CP73-1547 ,1.00, 1.65 , Franco , Gravedad ,34%,68.00,126.43,11.41,36.00,81.96,110.00,94.79
2122,6,16,Sucuya,16750,1675-0, 7.67 , CP73-1547 ,1.00, 1.65 , Franco Arcilloso , Gravedad ,5%,44.00,125.39,11.41,36.00,109.73,115.00,63.47
2021,2,55,El Zapote,55042,MANGO-01, 4.60 , NA56-42 ,3.00,2.2,Franco Arcilloso,Goteo,43%,36.00,150.96,11.24,48.00,119.87,135.00,84.83
2021,2,55,El Zapote,55043,MANGO-02, 16.82 , CP72-2086 ,3.00,2.2,Franco Arcillo Arenoso,Goteo,45%,32.00,150.07,11.21,48.00,150.28,135.00,94.24
2021,2,55,El Zapote,55044,MANGO-03, 3.60 , OTRAS ,3.00,2.2,Franco,Goteo,38%,34.00,150.08,11.21,47.00,118.17,115.00,66.34
2021,2,55,El Zapote,55048,MANGO-07, 13.37 , CG98-78 ,2.00,2.2,Franco Arcillo Arenoso,Goteo,46%,34.00,150.05,11.37,46.00,118.95,130.00,91.78
2021,2,55,El Zapote,55054,MANGO-13, 3.85 , CP04-2115 ,2.00,2.2,Franco Arcilloso,Goteo,52%,30.00,150.06,12.10,52.00,131.96,110.00,76.17
2021,2,55,El Zapote,55005,Z-05, 2.09 , CP72-2086 ,8.00,2.4,Franco Arcilloso,Goteo,50%,30.00,112.75,12.13,52.00,103.34,125.00,109.42
2021,2,55,El Zapote,55006,Z-06, 10.59 , CP72-2086 ,5.00,1.9,Franco Arcillo Arenoso,Goteo,43%,24.00,128.79,12.10,49.00,113.34,140.00,98.07
2021,2,55,El Zapote,55007,Z-07, 20.08 , CP72-2086 ,2.00,2.2,Franco Arenoso,Goteo,38%,29.00,172.57,12.13,51.00,142.07,140.00,118.03
2021,2,55,El Zapote,55009,Z-09, 1.90 , RB86-7515 ,4.00,2.2,Franco Arcilloso,Goteo,48%,28.00,162.10,12.10,51.00,144.90,143.30,134.91
2021,2,54,Los Jicaros,54001,GTE.-01, 30.00 , CP72-2086 ,2.00,2.2,Franco Arcilloso,Goteo,27%,60.00,150.10,11.37,64.00,135.65,145.00,139.45
2021,2,54,Los Jicaros,54006,GTE.-03, 10.80 , CP89-2143 ,2.00,2.2,Arcilloso,Goteo,51%,32.00,118.94,11.28,21.00,92.66,100.00,84.78
2021,2,54,Los Jicaros,54007,GTE.-04, 13.49 , OTRAS ,3.00,2.2,Arcilloso,Goteo,28%,33.00,150.06,11.41,26.00,110.42,131.00,92.51
2021,2,54,Los Jicaros,54009,GTE.-05, 8.30 , OTRAS ,3.00,2.2,Arcilloso,Goteo,32%,32.00,111.11,11.08,20.00,87.21,85.00,69.50
2021,2,54,Los Jicaros,54011,GTE.-06, 2.60 , CP72-2086 ,2.00,2.2,Arcilloso,Goteo,8%,30.00,159.73,11.18,21.00,111.80,135.00,97.33
2021,2,54,Los Jicaros,54014,GTE.-07, 21.54 , CP89-2143 ,2.00,2.2,Arcilloso,Goteo,50%,32.00,124.62,11.31,20.00,104.07,130.00,99.60
2021,2,54,Los Jicaros,54018,GTE.-08, 10.69 , OTRAS ,3.00,2.2,Franco Arcilloso,Goteo,53%,32.00,106.55,11.14,19.00,97.49,106.00,80.77
2021,2,54,Los Jicaros,54019,GTE.-09, 11.47 , CP88-1165 ,3.00,2.2,Franco Arcillo Arenoso,Goteo,21%,33.00,103.04,11.14,18.00,113.95,105.00,91.58
2021,2,54,Los Jicaros,54012,GTE-06A, 11.31 , CP72-2086 ,3.00,2.2,Arcilloso,Goteo,60%,36.00,113.40,11.14,22.00,76.26,75.00,72.51
2021,2,54,Los Jicaros,54036,GTE-08A, 6.70 , CG98-78 ,2.00,1.9,Franco,Goteo,42%,28.00,141.25,12.03,42.00,106.71,113.00,92.96
2021,2,54,Los Jicaros,54020,POTRI-01, 26.98 , CP89-2143 ,2.00,2.2,Franco Arcillo Arenoso,Goteo,27%,26.00,134.78,14.50,40.00,99.95,125.00,108.49
2021,2,54,Los Jicaros,54026,TELP-01, 16.61 , CP00-1101 ,2.00,2.2,Franco Arcilloso,Goteo,17%,26.00,154.87,12.62,8.00,91.40,116.00,103.49
2021,2,54,Los Jicaros,54027,TELP-02, 30.80 , CP72-2086 ,2.00,2.2,Franco Arcillo Arenoso,Goteo,28%,35.00,150.10,11.01,42.00,129.69,140.00,125.34
2021,2,54,Los Jicaros,54028,TELP-03, 13.85 , OTRAS ,2.00,2.2,Franco Arcilloso,Goteo,27%,35.00,112.30,11.31,52.00,101.55,95.00,82.60
2021,2,54,Los Jicaros,54042,TELP-03A, 11.92 , CP00-1101 ,2.00,2.2,Franco Arcilloso,Goteo,45%,27.00,155.21,12.62,9.00,90.83,110.00,99.89
2021,2,35,Los Jicaros - La Teca,35001,LJ-01, 9.00 , CP72-2086 ,2.00,2.2,Franco,Goteo,36%,36.00,172.53,11.31,50.00,138.01,125.00,125.41
2021,2,35,Los Jicaros - La Teca,35002,LJ-02, 5.00 , OTRAS ,2.00,2.2,Franco,Goteo,82%,27.00,132.33,12.43,27.00,105.05,100.00,119.59
2021,2,53,Montelimar,53020,B-01, 13.32 , CP88-1165 ,7.00,2.6,Franco Arcillo Arenoso,Goteo,29%,18.00,143.54,12.59,13.00,92.65,125.00,120.18
2021,2,53,Montelimar,53028,B-09, 2.25 , CG04-10295 ,1.00,1.9,Franco Arcillo Arenoso,Goteo,62%,29.00,145.32,12.03,1.00,116.94,130.00,124.12
2021,2,53,Montelimar,53029,B-10, 5.85 , CP72-2086 ,2.00,2.2,Franco Arcillo Arenoso,Goteo,29%,24.00,150.65,12.98,2.00,117.54,130.00,133.86
2021,2,53,Montelimar,53032,B-13, 1.47 , CP72-2086 ,2.00,2.2,Franco Arcilloso,Goteo,33%,24.00,152.27,13.58,17.00,113.34,110.00,135.20
2021,2,53,Montelimar,53034,B-15, 8.96 , NA56-42 ,1.00,2.2,Franco Arcilloso,Goteo,79%,26.00,150.91,14.40,42.00,104.90,100.00,101.29
2021,2,53,Montelimar,53036,B-17, 2.40 , CP72-2086 ,4.00,1.9,Arcilloso,Goteo,70%,20.00,140.28,12.66,17.00,116.76,120.00,62.62
2021,2,53,Montelimar,53037,B-18, 2.29 , NA56-42 ,3.00,2.2,Franco Arcilloso,Goteo,41%,20.00,146.85,13.38,17.00,106.14,129.00,103.74
2021,2,53,Montelimar,53205,D-02A, 1.49 , CP08-2256 ,4.00,1.4,Franco Arenoso,Gravedad,13%,23.00,112.28,12.56,58.00,129.72,123.00,115.04
2021,2,53,Montelimar,53070,D-03, 9.70 , CP89-2143 ,3.00,1.5,Franco Arenoso,Gravedad,11%,25.00,125.04,12.66,52.00,96.23,128.00,100.43
2021,2,53,Montelimar,53075,D-08, 5.63 , CP72-2086 ,3.00,1.5,Franco Arcilloso,Gravedad,22%,21.00,126.29,11.44,17.00,111.86,110.00,106.69
2021,2,53,Montelimar,53078,D-11, 3.24 , CP72-2086 ,2.00,1.5,Franco Arcillo Arenoso,Gravedad,28%,25.00,122.63,12.33,47.00,78.07,160.00,118.65
2021,2,53,Montelimar,53079,D-12, 4.72 , CP89-2143 ,2.00,1.5,Franco Arcilloso,Gravedad,31%,24.00,124.04,12.46,51.00,85.71,118.00,75.84
2021,2,53,Montelimar,53081,D-14, 4.96 , OTRAS ,3.00,1,Franco Arcilloso,Gravedad,16%,19.00,134.91,12.69,59.00,90.70,115.00,96.43
2021,2,53,Montelimar,53082,D-15, 9.07 , NA56-42 ,6.00,1.75,Franco Arenoso,Gravedad,27%,29.00,124.47,11.54,19.00,98.65,115.00,86.41
2021,2,53,Montelimar,53087,E-03, 19.74 , NA56-42 ,9.00,2.6,Arcilloso,Goteo,59%,26.00,128.69,12.33,49.00,81.69,110.00,109.68
2021,2,53,Montelimar,53097,E-13, 5.07 , NA56-42 ,3.00,2.2,Franco Arcilloso,Goteo,39%,29.00,117.99,11.14,14.00,82.58,100.00,77.22
2021,2,53,Montelimar,53098,E-14, 8.02 , NA56-42 ,3.00,2.2,Franco Arcillo Arenoso,Goteo,45%,32.00,103.04,12.33,50.00,59.58,85.00,70.53
2021,2,53,Montelimar,53099,E-15, 2.40 , CP72-2086 ,6.00,1.9,Franco Arcilloso,Goteo,57%,33.00,117.68,12.33,50.00,107.16,105.00,90.60
2021,2,53,Montelimar,53104,E-20, 5.02 , CG98-78 ,2.00,2.2,Franco Arcillo Arenoso,Goteo,20%,28.00,112.47,11.51,4.00,121.87,130.00,102.20
2021,2,53,Montelimar,53109,E-25, 7.80 , NA56-42 ,6.00,1.9,Franco Arcillo Arenoso,Goteo,47%,27.00,150.10,12.20,41.00,130.30,130.00,114.45
2021,2,53,Montelimar,53112,E-28, 3.76 , NA56-42 ,2.00,2.2,Franco Arcillo Arenoso,Goteo,41%,15.00,150.19,12.69,40.00,77.88,115.00,110.98
2021,2,53,Montelimar,53115,F-01, 0.81 , CP73-1547 ,12.00,1.4,Franco Arcillo Arenoso,Gravedad,27%,32.00,103.27,11.47,97.00,108.13,118.00,72.99
2021,2,53,Montelimar,53117,F-03, 9.55 , CP72-2086 ,7.00,1.5,Franco Arcilloso,Goteo,49%,25.00,132.46,11.70,28.00,163.46,118.00,105.09
2021,2,53,Montelimar,53118,F-04, 12.23 , CP72-2086 ,5.00,1.9,Franco Arcillo Arenoso,Goteo,36%,28.00,122.04,11.64,28.00,171.49,110.00,98.20
2021,2,53,Montelimar,53124,GALL-03, 12.49 , NA56-42 ,3.00,2.2,Franco Arcillo Arenoso,Goteo,41%,21.00,150.27,12.20,30.00,127.09,135.00,125.59
2021,2,53,Montelimar,53126,GALL-05, 9.66 , NA56-42 ,5.00,1.9,Franco Arcillo Arenoso,Goteo,21%,26.00,142.53,12.13,29.00,125.05,125.00,110.58
2021,2,53,Montelimar,53129,LAV-02, 14.38 , CP00-1101 ,5.00,2.2,Franco Arcilloso,Goteo,42%,13.00,155.69,12.10,31.00,108.24,126.00,121.50
2021,2,53,Montelimar,53187,LAV-02A, 4.70 , NA56-42 ,4.00,2.2,Arcilloso,Goteo,27%,24.00,147.27,11.14,63.00,109.41,126.00,88.02
2021,2,53,Montelimar,53130,LAV-03, 12.22 , CP72-2086 ,3.00,2.2,Franco Arcillo Arenoso,Goteo,35%,20.00,157.20,12.82,32.00,91.53,126.00,121.60
2021,2,53,Montelimar,53151,SAN IGN-01, 10.53 , NA56-42 ,6.00,1.9,Arcilloso,Goteo,37%,27.00,125.12,11.24,82.00,107.39,105.00,83.71
2021,2,50,Montelimar-02,50191,CF-05A, 2.07 , NA56-42 ,8.00,2.4,Franco Arcilloso,Goteo,31%,23.00,150.10,12.10,7.00,109.40,133.00,96.76
2021,2,50,Montelimar-02,50049,CF-11, 13.02 , NA56-42 ,1.00,1.65,Franco Arenoso,Gravedad,41%,35.00,144.55,12.00,29.00,120.20,125.00,99.30
2021,2,50,Montelimar-02,50051,CF-13, 4.54 , CP89-2143 ,2.00,2.2,Franco Arenoso,Goteo,14%,6.00,156.65,11.05,11.00,98.95,115.00,86.83
2021,2,50,Montelimar-02,50053,CF-15, 7.92 , NA56-42 ,8.00,2.2,Franco Arcillo Arenoso,Goteo,39%,36.00,132.33,12.33,16.00,101.42,120.00,107.75
2021,2,50,Montelimar-02,50057,CF-19, 5.84 , CP72-2086 ,3.00,1.5,Franco Arenoso,Gravedad,15%,26.00,139.62,13.84,31.00,119.49,120.00,142.47
2021,2,50,Montelimar-02,50060,CH-01, 2.76 , CP72-2086 ,3.00,2.2,Franco Arenoso,Goteo,49%,23.00,118.17,12.85,33.00,104.21,95.00,121.81
2021,2,50,Montelimar-02,50063,CH-04, 1.32 , CP00-1630 ,2.00,2.2,Franco Arenoso,Goteo,22%,28.00,124.25,13.87,27.00,51.91,80.00,84.38
2021,2,50,Montelimar-02,50064,CH-05, 2.46 , CP72-2086 ,2.00,2.2,Franco Arenoso,Goteo,29%,28.00,149.33,13.91,28.00,105.03,108.00,108.11
2021,2,50,Montelimar-02,50065,CH-06, 10.17 , CP72-2086 ,6.00,1.9,Franco Arenoso,Goteo,64%,31.00,136.36,13.91,28.00,97.67,100.00,75.92
2021,2,50,Montelimar-02,50131,M-01, 2.09 , CP72-2086 ,3.00,2.2,Franco Arenoso,Goteo,56%,31.00,173.88,12.92,23.00,96.36,110.00,98.70
2021,2,50,Montelimar-02,50133,M-03, 8.90 , CP72-2086 ,2.00,2.2,Franco Arenoso,Goteo,33%,31.00,161.31,13.02,24.00,106.57,110.00,98.11
2021,2,50,Montelimar-02,50135,M-05, 5.83 , CP88-1165 ,3.00,2.2,Franco Arenoso,Goteo,39%,36.00,119.13,11.47,5.00,68.45,82.00,82.84
2021,2,50,Montelimar-02,50136,M-07, 3.50 , CP89-2143 ,2.00,2.2,Franco Arenoso,Goteo,32%,31.00,134.39,12.92,23.00,113.42,90.00,79.96
2021,2,50,Montelimar-02,50137,M-08, 3.43 , NA56-42 ,5.00,2.4,Franco Arenoso,Goteo,61%,34.00,118.94,12.95,23.00,75.89,90.00,90.93
2021,2,50,Montelimar-02,50139,M-10, 4.06 , CP72-2086 ,5.00,1.9,Franco Arenoso,Goteo,55%,34.00,162.11,12.98,24.00,100.84,108.00,101.78
2021,2,50,Montelimar-02,50140,M-11, 3.59 , CP08-2256 ,3.00,2.2,Franco Arenoso,Goteo,23%,36.00,127.76,12.98,24.00,89.30,108.00,96.07
2021,2,50,Montelimar-02,50156,V-04, 5.24 , CP72-2086 ,3.00,2.2,Franco Arenoso,Goteo,28%,37.00,125.86,12.20,25.00,94.38,100.00,101.93
2021,2,50,Montelimar-02,50157,V-05, 5.50 , NA56-42 ,3.00,2.2,Franco Arenoso,Goteo,49%,37.00,118.50,12.20,25.00,94.52,96.00,103.59
2021,2,50,Montelimar-02,50159,V-07, 1.59 , NA56-42 ,3.00,2.2,Franco Arenoso,Goteo,15%,19.00,147.56,12.85,33.00,117.83,126.00,113.54
2021,2,28,Ronald Guido,28001,RG-0101, 11.56 , OTRAS ,5.00,1.7,Franco Arcilloso,Goteo,43%,32.00,108.94,11.97,41.00,150.99,108.00,96.44
2021,2,28,Ronald Guido,28011,RG-0105A, 5.28 , CP72-2086 ,6.00,1.7,Franco Arcilloso,Goteo,51%,21.00,142.42,11.87,38.00,122.64,118.00,91.19
