VARIEDAD,CLAS COR,DISTSUR,TIPO DE SUELO,RIEGO,% DESPO,KgN Ha,Edad Corte,BIOMETRIA CCOA,ESTIMADO CAMPO,TCH REAL
 CP89-2143 ,5.00, 2.20 , Franco Arcilloso , Goteo ,0.46,108.73,11.67,115.97,112.00,103.91
 CP72-2086 ,5.00, 2.20 , Arcilloso , Goteo ,0.42,89.38,11.70,87.09,90.00,81.23
 NA56-42 ,5.00, 2.20 , Arcilloso , Goteo ,0.47,87.92,11.64,91.32,85.00,79.96
 CP72-2086 ,8.00, 2.40 , Franco Limoso , Goteo ,0.38,124.84,10.78,85.57,100.00,79.95
 NA56-42 ,4.00, 2.40 , Arcilloso , Goteo ,0.23,124.92,10.91,81.09,95.00,92.33
 CP89-2143 ,6.00, 1.90 , Franco Arcilloso , Goteo ,0.29,106.38,11.67,114.89,116.00,91.43
 CP89-2143 ,6.00, 1.90 , Franco Arcilloso , Goteo ,0.35,104.94,12.59,129.06,160.00,171.27
 CP72-2086 ,5.00, 1.90 , Franco Arcilloso , Goteo ,0.46,117.50,11.44,109.15,90.00,91.09
 RB86-7515 ,1.00, 2.20 , Franco Arcilloso , Goteo ,0.41,149.51,11.41,159.10,110.00,101.73
 RB86-7515 ,1.00, 2.20 , Franco Arcilloso , Goteo ,0.39,149.40,11.41,102.41,115.00,101.35
 CP72-2086 ,4.00, 2.20 , Franco Arcilloso , Goteo ,0.44,117.90,11.37,75.08,115.00,101.27
 CP72-2086 ,7.00, 1.90 , Franco Arcilloso , Goteo ,0.48,124.47,11.60,120.71,105.00,84.52
 CP72-2086 ,2.00, 2.20 , Franco Arcillo Arenoso , Goteo ,0.57,82.01,11.14,73.44,80.00,64.39
 CG00-102 ,4.00, 2.20 , Franco Arcilloso , Goteo ,0.39,103.03,11.14,77.72,85.00,80.69
 CP89-2143 ,3.00, 2.20 , Franco Arcillo Arenoso , Goteo ,0.23,150.11,11.70,108.56,120.00,106.10
 CP88-1165 ,4.00, 2.20 , Franco Arcilloso , Goteo ,0.33,135.50,11.41,133.24,105.00,85.89
 CP72-2086 ,4.00, 2.20 , Franco Arcilloso , Goteo ,0.39,79.44,11.01,83.56,97.00,97.11
 CP88-1165 ,4.00, 2.20 , Franco Arcilloso , Goteo ,0.26,150.10,11.47,89.28,115.00,88.62
 CP72-2086 ,5.00, 2.20 , Franco Arcilloso , Goteo ,0.43,86.48,10.62,81.17,90.00,80.76
 CP72-2086 ,4.00, 2.20 , Franco Arcillo Arenoso , Goteo ,0.45,92.40,10.62,95.46,100.00,78.75
 CP88-1165 ,8.00, 2.40 , Franco Arenoso , Goteo ,0.33,119.99,11.51,88.15,108.00,92.09
 RB86-7515 ,2.00, 2.40 , Franco Arenoso , Goteo ,0.46,105.22,10.91,90.48,110.00,90.31
 CP72-2086 ,7.00, 1.80 , Franco Arcillo Arenoso , Goteo ,0.54,126.90,11.51,122.02,115.00,101.62
 RB86-7515 ,2.00, 1.80 , Franco Arcilloso , Goteo ,0.49,67.36,10.88,96.87,90.00,100.49
 CP72-2086 ,2.00, 1.90 , Franco Arcilloso , Goteo ,0.28,81.68,10.59,94.86,90.00,96.70
 NA56-42 ,7.00, 1.80 , Arcilloso , Goteo ,0.33,110.22,13.21,136.86,108.00,93.46
 CG00-102 ,1.00, 2.20 , Franco Arenoso , Goteo ,0.39,82.84,11.37,78.30,107.00,96.23
 CG04-10295 ,1.00, 2.20 , Franco Arenoso , Goteo ,0.28,82.83,11.21,100.69,105.00,86.40
 CG00-102 ,1.00, 2.20 , Franco Arenoso , Goteo ,0.44,165.74,11.21,118.56,105.00,88.97
 Otras ,2.00, 2.20 , Franco Arcilloso , Goteo ,0.27,228.63,11.34,91.92,90.00,82.79
 CG00-102 ,2.00, 1.90 , Franco Arcilloso , Goteo ,0.27,103.08,11.14,111.35,110.00,91.13
 CP00-1101 ,5.00, 2.20 , Franco Arcilloso , Goteo ,0.33,125.86,11.57,102.30,100.00,90.51
 CP72-2086 ,3.00, 2.20 , Franco Arcilloso , Goteo ,0.45,92.45,11.41,106.41,107.00,95.04
 NA56-42 ,9.00, 2.40 , Arcilloso , Goteo ,0.36,150.13,12.43,100.37,125.00,112.36
 CP72-2086 ,3.00, 2.20 , Franco Arcilloso , Goteo ,0.44,80.71,10.88,83.21,95.00,86.73
 NA56-42 ,3.00, 2.20 , Arcilloso , Goteo ,0.39,97.17,10.95,73.53,80.00,64.54
 RB86-7515 ,3.00, 2.20 , Arcilloso , Goteo ,0.50,76.02,11.14,93.51,80.00,77.92
 NA56-42 ,4.00, 2.20 , Arcilloso , Goteo ,0.23,104.54,12.26,81.80,100.00,98.16
 CP72-2086 ,3.00, 2.20 , Arcilloso , Goteo ,0.25,128.56,12.39,93.98,115.00,73.07
 CP88-1165 ,10.00, 2.40 , Arcilloso , Goteo ,0.41,150.10,11.44,118.85,100.00,69.00
 CP88-1165 ,5.00, 2.20 , Franco Arcilloso , Goteo ,0.32,103.04,11.67,92.83,85.00,66.64
 CP72-2086 ,5.00, 2.60 , Arcilloso , Goteo ,0.34,115.67,11.77,102.73,100.00,91.44
 CP89-2143 ,7.00, 1.65 , Arcilloso , Goteo ,0.11,126.26,11.44,176.36,105.00,65.82
 CP72-2086 ,6.00, 1.90 , Arcilloso , Goteo ,0.23,117.96,11.51,100.23,103.00,77.87
 NA56-42 ,6.00, 1.90 , Arcilloso , Goteo ,0.43,83.04,10.75,81.96,85.00,75.31
 RB86-7515 ,1.00, 2.20 , Franco Arcilloso , Goteo ,0.41,103.43,11.34,108.61,105.00,89.83
 CP89-2143 ,6.00, 1.90 , Franco Arcilloso , Goteo ,0.46,125.46,11.21,237.93,115.00,102.87
 CP72-2086 ,6.00, 1.90 , Franco Arcilloso , Goteo ,0.37,91.86,11.70,136.48,90.00,90.67
 NA56-42 ,3.00, 2.20 , Franco , Goteo ,0.51,112.53,10.68,99.59,120.00,91.51
 NA56-42 ,4.00, 2.20 , Franco Arcilloso , Goteo ,0.32,150.96,11.28,86.79,113.00,74.15
 CP72-2086 ,4.00, 2.20 , Franco Arcillo Arenoso , Goteo ,0.51,150.07,11.28,120.16,112.00,100.97
 Otras ,4.00, 2.20 , Franco , Goteo ,0.37,150.08,11.31,113.45,105.57,104.84
 Otras ,4.00, 2.20 , Franco , Goteo ,0.31,103.04,11.31,115.04,85.00,96.39
 CG98-78 ,3.00, 2.20 , Franco Arcillo Arenoso , Goteo ,0.46,150.05,11.28,90.37,108.00,98.16
 CP04-2115 ,3.00, 2.20 , Franco Arcilloso , Goteo ,0.37,150.06,11.08,84.49,85.00,86.49
 CP72-2086 ,9.00, 2.40 , Franco Arcilloso , Goteo ,0.45,112.75,11.08,92.22,115.00,108.83
 CP72-2086 ,6.00, 1.90 , Franco Arcillo Arenoso , Goteo ,0.37,128.79,11.14,114.35,115.00,105.05
 CP72-2086 ,3.00, 2.20 , Franco Arenoso , Goteo ,0.46,172.57,11.08,123.83,120.00,117.88
 RB86-7515 ,5.00, 2.20 , Franco Arcilloso , Goteo ,0.51,162.10,11.11,103.11,120.00,120.66
 RB86-7515 ,1.00, 1.75 , Franco Arcilloso , Mini Aspersion ,0.24,108.57,10.52,94.74,98.00,88.44
 CP72-2086 ,3.00, 1.50 , Franco Arcilloso , Mini Aspersion ,0.40,73.19,10.88,105.78,92.00,89.77
 CP72-2086 ,8.00, 1.50 , Arcilloso , Mini Aspersion ,0.37,73.17,10.88,97.54,92.00,67.77
 CP72-2086 ,3.00, 2.20 , Franco Arcilloso , Goteo ,0.24,150.10,10.78,136.49,140.00,127.40
 CP89-2143 ,3.00, 2.20 , Arcilloso , Goteo ,0.38,118.94,11.14,88.86,102.00,90.69
 Otras ,4.00, 2.20 , Arcilloso , Goteo ,0.35,150.06,11.01,115.79,102.00,79.47
 CP89-2143 ,3.00, 2.20 , Arcilloso , Goteo ,0.40,123.38,11.11,69.55,70.00,60.40
 CP72-2086 ,3.00, 2.20 , Arcilloso , Goteo ,0.34,159.73,11.08,101.31,105.00,98.89
 CP89-2143 ,3.00, 2.20 , Arcilloso , Goteo ,0.34,124.62,11.24,86.72,92.50,69.53
 CP88-1165 ,4.00, 2.20 , Franco Arcillo Arenoso , Goteo ,0.41,103.04,11.21,82.98,80.00,70.35
 CG98-78 ,3.00, 1.90 , Franco , Goteo ,0.43,141.25,11.70,109.83,82.00,87.08
 CP89-2143 ,3.00, 2.20 , Franco Arcillo Arenoso , Goteo ,0.31,134.78,10.19,90.61,118.00,87.70
 RB86-7515 ,1.00, 2.20 , Franco Arenoso , Goteo ,0.43,158.76,10.16,115.07,120.00,102.46
 CP72-2086 ,2.00, 2.20 , Franco Arcillo Arenoso , Goteo ,0.39,150.06,11.05,129.66,125.00,78.30
 RB86-7515 ,1.00, 2.20 , Franco Arcilloso , Goteo ,0.34,103.06,10.49,91.52,125.00,80.50
 RB86-7515 ,1.00, 2.20 , Franco , Goteo ,0.51,138.08,11.01,124.76,117.50,79.37
 RB86-7515 ,1.00, 2.20 , Franco Arcillo Arenoso , Goteo ,0.53,138.06,11.05,91.16,110.00,81.65
 CP00-1101 ,3.00, 2.20 , Franco Arcilloso , Goteo ,0.27,154.87,11.97,107.33,110.00,93.26
 CP72-2086 ,3.00, 2.20 , Franco Arcillo Arenoso , Goteo ,0.36,150.10,11.44,150.63,130.00,125.06
 CP00-1101 ,3.00, 2.20 , Franco Arcilloso , Goteo ,0.31,155.21,11.97,103.12,90.23,90.66
 CP72-2086 ,2.00, 2.20 , Franco , Goteo ,0.32,166.26,11.54,132.57,141.00,121.08
 CP72-2086 ,3.00, 2.20 , Franco , Goteo ,0.35,172.53,11.47,148.42,120.00,110.28
 CP72-2086 ,3.00, 2.20 , Franco , Goteo ,0.16,103.16,11.18,80.43,85.00,64.82
 Otras ,3.00, 2.20 , Franco , Goteo ,0.29,132.33,11.21,87.17,91.00,88.19
 Otras ,3.00, 2.20 , Franco , Goteo ,0.35,152.16,11.08,94.47,90.00,51.87
 CP88-1165 ,8.00, 2.60 , Franco Arcillo Arenoso , Goteo ,0.11,143.54,9.63,103.81,112.00,77.82
 CP72-2086 ,6.00, 1.90 , Franco Arcillo Arenoso , Goteo ,0.39,151.52,9.63,102.60,105.00,122.59
 CP72-2086 ,2.00, 2.60 , Franco Arcillo Arenoso , Goteo ,0.11,150.06,9.60,133.81,130.00,123.71
 CG04-10295 ,1.00, 2.20 , Franco Arcilloso , Goteo ,0.10,137.75,9.66,108.34,115.00,109.40
 CG04-10295 ,2.00, 1.90 , Franco Arcillo Arenoso , Goteo ,0.31,145.32,10.49,142.64,125.00,105.10
 CP72-2086 ,3.00, 2.20 , Franco Arcillo Arenoso , Goteo ,0.24,150.65,10.45,114.44,115.00,82.84
 CP72-2086 ,3.00, 2.20 , Franco Arcilloso , Goteo ,0.49,152.27,10.49,85.75,105.00,72.82
 CG04-10295 ,1.00, 2.20 , Franco Arcillo Arenoso , Goteo ,0.19,118.35,11.24,95.79,115.00,84.76
 CP72-2086 ,5.00, 1.90 , Franco Arcillo Arenoso , Goteo ,0.48,150.37,12.36,200.11,90.00,81.76
 CP72-2086 ,5.00, 1.90 , Arcilloso , Goteo ,0.48,140.28,10.49,90.18,95.00,75.75
 NA56-42 ,4.00, 2.20 , Franco Arcilloso , Goteo ,0.32,146.85,10.49,74.64,95.00,125.71
 CG04-10295 ,1.00, 1.65 , Franco Arenoso , Gravedad ,0.15,125.09,11.05,134.33,121.00,108.38
 CP08-2256 ,5.00, 1.40 , Franco Arenoso , Gravedad ,0.30,112.28,11.21,134.13,110.00,107.61
 CG04-10295 ,1.00, 1.65 , Franco Arcillo Arenoso , Gravedad ,0.08,95.03,10.95,122.16,115.00,79.60
 CP72-2086 ,4.00, 1.50 , Franco Arcilloso , Gravedad ,0.36,126.29,12.26,114.80,116.00,89.39
 CG04-10295 ,1.00, 1.65 , Franco Arenoso , Gravedad ,0.16,120.26,10.95,117.94,115.00,91.36
 Otras ,4.00, 1.00 , Franco Arcilloso , Gravedad ,0.46,134.91,11.01,125.70,102.00,84.99
 NA56-42 ,7.00, 1.75 , Franco Arenoso , Gravedad ,0.36,124.47,12.36,82.46,107.00,100.22
 CG04-10295 ,1.00, 1.65 , Franco Arenoso , Gravedad ,0.16,128.03,11.11,106.68,110.00,118.03
 CG04-10295 ,1.00, 1.65 , Franco Arcillo Arenoso , Gravedad ,0.06,123.26,10.95,113.90,115.00,88.38
 CP72-2086 ,2.00, 2.20 , Franco Arcillo Arenoso , Goteo ,0.34,138.77,10.91,91.68,122.00,87.76
 NA56-42 ,10.00, 2.60 , Arcilloso , Goteo ,0.20,128.69,10.85,83.43,117.00,93.61
 CG04-10295 ,1.00, 2.20 , Franco Arcillo Arenoso , Goteo ,0.14,87.83,11.64,124.78,100.00,86.11
 RB86-7515 ,1.00, 2.20 , Arcilloso , Goteo ,0.07,135.34,8.91,150.90,100.00,97.64
 CP72-2086 ,2.00, 2.60 , Arcilloso , Goteo ,0.25,73.46,10.16,54.75,130.00,120.65
 NA56-42 ,4.00, 2.20 , Franco Arcilloso , Goteo ,0.38,117.99,11.60,114.19,91.00,82.73
 CP72-2086 ,7.00, 1.90 , Franco Arcilloso , Goteo ,0.50,117.68,10.42,110.49,100.00,116.02
 NA56-42 ,2.00, 2.60 , Franco Arcilloso , Goteo ,0.51,106.21,9.89,79.24,95.00,94.52
 RB86-7515 ,1.00, 2.20 , Franco Arcillo Arenoso , Goteo ,0.22,138.04,9.86,79.32,125.00,113.90
 RB86-7515 ,1.00, 2.20 , Franco Arcillo Arenoso , Goteo ,0.71,82.84,10.78,94.61,110.00,64.53
 NA56-42 ,7.00, 1.90 , Franco Arcillo Arenoso , Goteo ,0.49,150.10,10.72,91.77,118.00,86.64
 RB86-7515 ,1.00, 2.20 , Franco Arcillo Arenoso , Goteo ,0.50,67.73,11.28,99.88,110.00,84.45
 NA56-42 ,3.00, 2.20 , Franco Arcillo Arenoso , Goteo ,0.55,150.19,10.75,80.47,90.00,84.76
 CP73-1547 ,13.00, 1.40 , Franco Arcillo Arenoso , Gravedad ,0.35,103.27,12.23,88.40,85.00,84.28
 CP72-2086 ,8.00, 1.50 , Franco Arcilloso , Goteo ,0.36,132.46,11.51,253.96,90.00,94.07
 CP72-2086 ,6.00, 1.90 , Franco Arcillo Arenoso , Goteo ,0.29,122.04,11.51,132.42,112.00,96.19
 CP72-2086 ,4.00, 2.20 , Franco Arcillo Arenoso , Goteo ,0.27,150.13,11.31,96.50,105.00,83.77
 NA56-42 ,4.00, 2.20 , Franco Arcillo Arenoso , Goteo ,0.29,150.27,11.34,128.45,120.00,110.08
 CP72-2086 ,4.00, 2.20 , Franco Arcillo Arenoso , Goteo ,0.21,132.22,10.91,142.87,120.00,92.16
 NA56-42 ,6.00, 1.90 , Franco Arcillo Arenoso , Goteo ,0.37,142.53,11.41,147.42,120.00,99.63
 NA56-42 ,5.00, 2.20 , Franco Arenoso , Goteo ,0.45,123.53,9.73,73.70,110.00,81.28
 CP00-1101 ,6.00, 2.20 , Franco Arcilloso , Goteo ,0.50,155.69,11.08,106.73,123.00,116.83
 CP72-2086 ,4.00, 2.20 , Franco Arcillo Arenoso , Goteo ,0.37,157.20,11.34,112.88,120.00,97.70
 CP72-2086 ,1.00, 2.20 , Franco Arcilloso , Gravedad ,0.25,120.81,11.83,108.82,100.00,106.19
 RB86-7515 ,1.00, 1.65 , Franco Arcillo Arenoso , Gravedad ,0.34,115.44,11.28,120.15,138.00,107.93
 RB86-7515 ,1.00, 1.65 , Franco Arcillo Arenoso , Gravedad ,0.20,116.60,11.05,115.69,125.00,111.02
 NA56-42 ,5.00, 1.65 , Franco Arcillo Arenoso , Gravedad ,0.21,121.58,11.77,74.87,65.00,46.21
 NA56-42 ,7.00, 1.90 , Arcilloso , Goteo ,0.35,125.12,10.75,97.59,100.00,79.66
 CG04-10295 ,2.00, 2.40 , Franco Arenoso , Goteo ,0.05,108.28,10.75,88.80,80.00,42.26
 NA56-42 ,9.00, 1.50 , Franco Arenoso , Gravedad ,0.17,150.88,9.93,81.78,100.00,80.65
 CP72-2086 ,3.00, 1.50 , Franco Arenoso , Gravedad ,0.31,127.12,9.89,89.63,110.00,85.12
 CG04-10295 ,2.00, 2.20 , Franco Arenoso , Goteo ,0.15,151.64,10.39,81.05,98.00,57.30
 NA56-42 ,9.00, 2.40 , Franco Arcilloso , Goteo ,0.50,150.10,10.39,94.51,105.00,70.36
 CG04-10295 ,2.00, 2.20 , Franco Arenoso , Goteo ,0.21,128.82,10.03,79.20,93.00,76.47
 CG04-10295 ,2.00, 2.20 , Franco Arcilloso , Goteo ,0.12,150.00,10.19,69.34,95.00,107.64
 CP73-1547 ,6.00, 1.40 , Franco Arenoso , Gravedad ,0.43,147.44,11.83,132.58,95.00,75.25
 NA56-42 ,2.00, 1.65 , Franco Arenoso , Gravedad ,0.59,144.55,10.32,133.56,100.00,81.41
 NA56-42 ,9.00, 1.50 , Franco Arenoso , Gravedad ,0.56,151.78,10.32,96.62,105.00,90.86
 CP89-2143 ,3.00, 2.20 , Franco Arenoso , Goteo ,0.38,156.65,10.16,101.84,75.00,74.77
 NA56-42 ,9.00, 2.20 , Franco Arcillo Arenoso , Goteo ,0.23,132.33,10.12,116.73,115.00,103.69
 CP89-2143 ,2.00, 2.20 , Franco Arcilloso , Goteo ,0.37,115.84,11.31,97.62,97.00,82.80
 CG02-163 ,1.00, 2.20 , Franco Arcillo Arenoso , Goteo ,0.16,117.87,11.60,87.18,95.00,68.31
 CG04-10295 ,2.00, 2.20 , Franco Arenoso , Goteo ,0.21,147.22,11.90,105.05,105.00,80.14
 CP72-2086 ,4.00, 1.50 , Franco Arenoso , Gravedad ,0.46,139.62,11.93,90.95,113.00,86.99
 NA56-42 ,8.00, 1.50 , Franco Arcilloso , Gravedad ,0.50,270.32,10.82,79.16,87.00,76.06
 CG02-163 ,3.00, 2.20 , Franco Arenoso , Goteo ,0.44,83.51,10.82,74.44,90.00,72.69
 CG04-10295 ,3.00, 2.20 , Franco Arcilloso , Goteo ,0.35,83.23,10.82,98.16,105.00,61.29
 RB86-7515 ,1.00, 2.20 , Franco Arenoso , Goteo ,0.43,158.75,10.09,90.90,125.00,77.92
 CP00-1630 ,3.00, 2.20 , Franco Arenoso , Goteo ,0.49,124.25,11.37,41.13,75.00,26.58
 CP72-2086 ,3.00, 2.20 , Franco Arenoso , Goteo ,0.49,149.33,11.54,79.61,110.00,65.06
 CP72-2086 ,7.00, 1.90 , Franco Arenoso , Goteo ,0.45,136.36,10.98,89.95,90.00,62.44
 CP72-2086 ,4.00, 2.20 , Franco Arenoso , Goteo ,0.46,173.88,10.36,95.15,92.00,96.34
 RB86-7515 ,1.00, 2.20 , Franco Arenoso , Goteo ,0.38,126.24,11.37,105.64,115.00,101.49
 CP72-2086 ,3.00, 2.20 , Franco Arenoso , Goteo ,0.38,161.31,10.32,90.84,95.00,73.57
 CP88-1165 ,4.00, 2.20 , Franco Arenoso , Goteo ,0.32,119.13,11.87,92.42,85.00,38.22
 CP89-2143 ,3.00, 2.20 , Franco Arenoso , Goteo ,0.28,134.39,10.36,66.84,80.00,56.76
 NA56-42 ,6.00, 2.40 , Franco Arenoso , Goteo ,0.42,118.94,10.36,67.62,90.00,83.01
 RB86-7515 ,1.00, 2.20 , Franco Arenoso , Goteo ,0.37,126.44,11.34,89.07,100.00,72.29
 CP72-2086 ,6.00, 1.90 , Franco Arenoso , Goteo ,0.43,162.11,10.36,98.39,110.00,76.33
 CP08-2256 ,4.00, 2.20 , Franco Arenoso , Goteo ,0.30,127.76,10.36,70.68,93.00,88.64
 CG04-10295 ,2.00, 1.50 , Franco Arenoso , Gravedad ,0.28,151.08,10.45,87.22,100.00,80.45
 CG04-10295 ,1.00, 1.65 , Franco Arcilloso , Gravedad ,0.17,125.44,10.06,72.34,95.00,66.10
 CP72-2086 ,4.00, 2.20 , Franco Arenoso , Goteo ,0.54,125.86,9.66,94.56,80.00,83.75
 RB86-7515 ,2.00, 2.20 , Franco Arenoso , Goteo ,0.40,172.66,10.75,109.81,120.00,96.27
 NA56-42 ,4.00, 2.20 , Franco Arenoso , Goteo ,0.49,147.56,12.36,129.51,117.00,132.42
 RB86-7515 ,1.00, 1.65 , Arcilloso , Gravedad ,0.27,109.56,12.00,93.52,90.00,99.13
 RB86-7515 ,1.00, 1.65 , Arcilloso , Gravedad ,0.06,250.90,9.53,76.82,95.00,82.93
 RB86-7515 ,1.00, 2.20 , Arcilloso , Goteo ,0.24,118.70,9.43,59.72,90.00,57.97
 CP89-2143 ,4.00, 2.20 , Franco Arenoso , Goteo ,0.39,125.90,10.52,89.32,92.00,62.84
 CP72-2086 ,7.00, 1.90 , Franco Arcillo Arenoso , Goteo ,0.52,125.59,13.61,81.18,75.00,61.13
 CP72-2086 ,4.00, 2.20 , Franco Arcillo Arenoso , Goteo ,0.36,103.06,12.39,65.91,80.00,61.86
 CP72-2086 ,4.00, 2.20 , Franco Arcillo Arenoso , Goteo ,0.35,103.05,12.39,65.23,102.00,100.12
 RB86-7515 ,1.00, 2.20 , Franco Arcillo Arenoso , Goteo ,0.39,117.28,9.66,40.42,80.00,32.00
 CG02-163 ,3.00, 2.20 , Franco Arcilloso , Goteo ,0.44,68.01,10.82,85.00,95.00,85.12
 CP72-2086 ,3.00, 2.20 , Arcilloso , Goteo ,0.20,150.10,10.72,116.44,130.00,95.71
 RB86-7515 ,1.00, 2.20 , Franco Arcilloso , Goteo ,0.23,79.38,11.34,93.48,119.00,102.55
 RB86-7515 ,1.00, 2.20 , Franco Arcilloso , Goteo ,0.46,113.57,11.24,107.60,125.00,87.41
 CG02-163 ,1.00, 2.20 , Franco Arcilloso , Goteo ,0.21,113.24,10.62,80.71,90.00,87.78
 CG04-10295 ,1.00, 2.20 , Franco Arcilloso , Goteo ,0.24,114.69,11.37,142.88,100.00,78.03
 CG02-163 ,1.00, 2.20 , Franco Arcilloso , Goteo ,0.52,113.19,11.18,71.57,88.00,80.08
 CP88-1165 ,5.00, 2.20 , Franco Arcillo Arenoso , Goteo ,0.35,103.11,11.87,69.66,60.00,69.43
 CP88-1165 ,4.00, 2.20 , Franco Arcillo Arenoso , Goteo ,0.34,103.06,11.90,63.62,60.00,45.18
 CP89-2143 ,3.00, 2.20 , Franco Arcillo Arenoso , Goteo ,0.32,105.15,11.93,62.41,50.00,63.17
 CP72-2086 ,3.00, 2.20 , Franco Arcillo Arenoso , Goteo ,0.60,132.39,11.70,125.76,110.00,97.32
 CP72-2086 ,5.00, 2.20 , Franco Arenoso , Goteo ,0.33,138.72,11.74,82.36,90.00,91.80
 NA56-42 ,3.00, 2.20 , Franco Arenoso , Goteo ,0.55,160.16,11.80,104.81,95.00,69.37
 RB86-7515 ,1.00, 2.20 , Franco Arcillo Arenoso , Goteo ,0.11,92.61,10.52,58.28,55.00,53.89
 CP88-1165 ,5.00, 2.20 , Franco Arenoso , Goteo ,0.43,118.51,11.83,70.66,60.00,50.85
 CP72-2086 ,5.00, 1.90 , Franco Arenoso , Goteo ,0.40,143.54,11.74,106.97,105.00,84.72
 NA56-42 ,3.00, 2.20 , Franco Arcillo Arenoso , Goteo ,0.44,103.04,11.80,77.93,70.00,62.03
 NA56-42 ,8.00, 2.40 , Franco Arcillo Arenoso , Goteo ,0.44,103.08,11.24,65.09,60.00,68.04
 CP72-2086 ,5.00, 2.20 , Franco Arenoso , Goteo ,0.35,120.15,10.98,103.55,120.00,107.97
 CP88-1165 ,5.00, 2.20 , Franco Arenoso , Goteo ,0.29,170.57,11.21,133.98,131.00,114.66
 CP72-2086 ,5.00, 2.20 , Franco Arenoso , Goteo ,0.23,152.16,11.31,91.55,105.00,70.51
 CP00-1101 ,5.00, 2.20 , Franco , Goteo ,0.29,143.07,11.60,155.33,120.00,116.02
 CP88-1165 ,3.00, 2.20 , Franco , Goteo ,0.44,121.31,9.96,108.02,118.00,97.57
 CP88-1165 ,5.00, 2.20 , Franco , Goteo ,0.26,150.15,11.44,93.70,103.00,162.38
 CP88-1165 ,5.00, 2.20 , Franco , Goteo ,0.25,122.33,11.60,123.80,103.00,105.11
 CP72-2086 ,3.00, 2.20 , Franco , Goteo ,0.29,103.09,10.06,85.54,90.00,91.59
 CP08-2256 ,4.00, 2.20 , Franco , Goteo ,0.29,133.22,11.80,142.62,120.00,124.75
 CP72-2086 ,5.00, 2.20 , Franco , Goteo ,0.55,113.32,11.93,157.23,110.00,116.48
 CP72-2086 ,3.00, 2.20 , Franco , Goteo ,0.38,150.10,10.03,127.17,110.00,114.82
 CP72-2086 ,5.00, 1.90 , Franco , Goteo ,0.26,150.10,10.95,125.98,120.00,113.51
 CP72-2086 ,3.00, 1.60 , Franco , Mini Aspersion ,0.26,126.93,10.59,93.78,110.00,93.92
 CP88-1165 ,4.00, 2.20 , Franco Arcilloso , Goteo ,0.44,122.45,10.59,96.11,110.00,82.05
 CP89-2143 ,4.00, 2.20 , Franco Arcilloso , Goteo ,0.41,150.14,10.59,113.32,122.00,90.47
 CP88-1165 ,4.00, 2.20 , Franco Arcilloso , Goteo ,0.44,141.73,10.55,79.09,114.00,71.35
 CP88-1165 ,5.00, 2.20 , Franco Arcilloso , Goteo ,0.43,139.05,10.62,112.73,107.00,78.97
 NA56-42 ,5.00, 2.20 , Franco Arcilloso , Goteo ,0.43,150.06,10.62,105.81,110.00,80.83
 NA56-42 ,5.00, 2.20 , Franco Arcilloso , Goteo ,0.34,150.13,10.62,84.58,128.00,100.73
 CP88-1165 ,2.00, 2.20 , Franco , Goteo ,0.28,121.90,13.41,74.19,100.00,89.27
 CP88-1165 ,4.00, 2.20 , Franco Arenoso , Goteo ,0.34,172.66,11.47,107.19,133.00,75.32
 RB86-7515 ,4.00, 2.20 , Franco Arenoso , Goteo ,0.50,170.04,11.47,125.04,140.00,116.01
 CP72-2086 ,4.00, 2.20 , Franco Arenoso , Goteo ,0.41,172.66,11.47,118.67,132.00,92.43
 NA56-42 ,4.00, 2.20 , Arcilloso , Goteo ,0.30,112.79,10.95,93.83,95.00,64.55
 CP72-2086 ,3.00, 2.20 , Franco , Goteo ,0.50,150.14,10.95,72.63,75.00,72.21
 CP72-2086 ,5.00, 1.90 , Franco Arcilloso , Goteo ,0.49,103.07,10.68,75.80,90.00,89.58
 CP72-2086 ,5.00, 2.20 , Arcilloso , Goteo ,0.40,103.09,11.34,86.45,85.00,69.13
 CP72-2086 ,5.00, 1.90 , Franco , Goteo ,0.41,128.81,11.77,94.50,110.00,85.13
 RB86-7515 ,5.00, 2.40 , Franco Arcilloso , Goteo ,0.42,103.04,10.91,62.27,70.00,46.75
 CP88-1165 ,5.00, 2.40 , Arcilloso , Goteo ,0.47,86.87,11.05,79.88,78.00,65.27
 CP88-1165 ,5.00, 2.40 , Arcilloso , Goteo ,0.22,103.13,11.47,85.53,85.00,71.08
 CP88-1165 ,5.00, 2.40 , Franco Arcilloso , Goteo ,0.47,103.06,11.01,85.50,75.00,68.04
 CP89-2143 ,3.00, 2.20 , Franco , Goteo ,0.24,150.08,10.88,115.85,112.00,108.54
 CP72-2086 ,6.00, 1.90 , Franco Arcillo Arenoso , Goteo ,0.42,206.15,10.91,96.20,85.00,102.75
 CP00-1101 ,6.00, 2.20 , Franco Arcillo Arenoso , Goteo ,0.46,150.09,11.54,109.75,122.00,116.12
 CP72-2086 ,3.00, 2.20 , Franco Arcilloso , Goteo ,0.39,113.49,12.72,72.01,110.00,62.34
 NA56-42 ,4.00, 2.20 , Franco Arcilloso , Goteo ,0.30,132.54,11.37,91.55,114.00,83.51
 CP72-2086 ,4.00, 2.20 , Franco Arcillo Arenoso , Goteo ,0.27,139.85,11.51,115.92,125.00,98.51
 CP72-2086 ,3.00, 2.20 , Franco Arcillo Arenoso , Goteo ,0.31,129.53,11.47,127.33,100.00,96.47
 RB86-7515 ,1.00, 2.20 , Franco Arcillo Arenoso , Goteo ,0.52,138.08,8.55,77.04,80.00,60.56
 RB86-7515 ,1.00, 2.20 , Franco Arcilloso , Goteo ,0.39,92.69,11.28,118.26,95.00,69.92
 CP00-1101 ,5.00, 2.20 , Franco Arcilloso , Goteo ,0.35,103.09,11.47,79.06,95.00,65.94
 CG02-163 ,2.00, 2.20 , Franco , Goteo ,0.13,102.94,11.21,70.86,91.00,71.56
 RB86-7515 ,1.00, 2.20 , Franco Arcillo Arenoso , Goteo ,0.39,115.01,8.55,67.65,80.00,76.56
 RB86-7515 ,2.00, 2.20 , Franco Arcillo Arenoso , Goteo ,0.14,102.90,11.37,99.24,90.00,60.56
 RB84-5210 ,2.00, 2.20 , Franco Arcillo Arenoso , Goteo ,0.06,96.61,11.41,80.54,85.00,60.58
 RB84-5210 ,2.00, 2.20 , Franco Arcillo Arenoso , Goteo ,0.24,119.44,11.41,93.49,90.00,62.91
 RB86-7515 ,1.00, 2.20 , Franco Arcillo Arenoso , Goteo ,0.49,107.32,7.50,70.02,80.00,72.54
 RB86-7515 ,2.00, 2.20 , Franco Arcillo Arenoso , Goteo ,0.20,103.06,11.41,104.03,110.00,61.37
 RB86-7515 ,2.00, 2.20 , Franco Arcillo Arenoso , Goteo ,0.36,103.07,11.41,101.99,114.00,57.68
 CP72-2086 ,5.00, 1.80 , Franco Arcillo Arenoso , Goteo ,0.27,142.16,11.80,103.73,112.00,94.59
 CP72-2086 ,5.00, 2.20 , Arcilloso , Goteo ,0.32,112.35,12.75,103.70,105.00,100.10
 CP72-2086 ,4.00, 2.20 , Arcilloso , Goteo ,0.28,132.13,12.50,122.42,120.00,114.94
 CP89-2143 ,5.00, 1.90 , Franco Arenoso , Goteo ,0.38,172.48,12.23,106.34,130.00,125.85
 CP72-2086 ,5.00, 1.90 , Franco Arcilloso , Goteo ,0.32,145.51,12.20,132.36,115.00,105.80
 NA56-42 ,2.00, 1.60 , Arcilloso , Mini Aspersion ,0.43,83.63,11.80,78.83,50.00,45.40
 CP88-1165 ,5.00, 2.20 , Arcilloso , Goteo ,0.35,95.14,10.75,84.50,90.00,64.02
 CP72-2086 ,5.00, 2.20 , Franco , Goteo ,0.55,79.03,10.65,87.92,80.00,78.36
 CP88-1165 ,5.00, 2.20 , Franco , Goteo ,0.41,99.06,10.85,130.84,100.00,77.90
 CP72-2086 ,3.00, 2.20 , Franco , Goteo ,0.42,113.63,10.85,93.92,105.00,87.84
 CP72-2086 ,4.00, 2.20 , Arcilloso , Goteo ,0.33,94.29,12.29,106.64,95.00,92.63
 CG02-163 ,1.00, 2.20 , Franco Arcilloso , Goteo ,0.21,129.18,10.98,76.62,98.00,89.35
 CG02-163 ,1.00, 2.20 , Franco Arcilloso , Goteo ,0.33,130.07,10.95,80.51,105.00,82.21
 CP72-2086 ,6.00, 1.50 , Franco , Gravedad ,0.52,124.24,10.36,89.26,110.00,89.92
 CP72-2086 ,6.00, 1.50 , Franco Arenoso , Gravedad ,0.41,125.06,11.28,137.20,115.00,97.31
 CP72-2086 ,5.00, 1.50 , Franco Arenoso , Gravedad ,0.34,156.80,11.24,114.69,100.00,173.45
 NA56-42 ,10.00, 1.50 , Franco , Gravedad ,0.59,122.38,11.31,136.48,117.00,114.89
 CG02-163 ,1.00, 1.65 , Franco , Gravedad ,0.17,124.33,11.31,110.68,100.00,98.35
 CP72-2086 ,6.00, 1.50 , Franco , Gravedad ,0.40,121.53,11.31,91.72,110.00,109.76
 CP72-2086 ,5.00, 1.50 , Franco , Gravedad ,0.53,127.42,11.34,124.95,100.00,99.05
 CP72-2086 ,5.00, 1.50 , Franco , Gravedad ,0.51,127.93,11.31,185.10,113.00,116.75
 CP72-2086 ,6.00, 1.50 , Franco Arcilloso , Gravedad ,0.40,117.24,11.31,118.06,90.00,85.71
 CP72-2086 ,5.00, 1.50 , Franco , Gravedad ,0.57,125.44,11.28,77.66,75.00,103.45
 CP72-2086 ,5.00, 1.50 , Franco Arcilloso , Gravedad ,0.33,125.44,11.31,80.78,90.00,101.10
 CG02-163 ,1.00, 1.65 , Franco , Gravedad ,0.25,97.15,11.51,121.03,120.00,135.87
 RB84-5210 ,1.00, 1.65 , Franco Arenoso , Gravedad ,0.08,124.61,11.57,109.58,117.00,114.81
 RB84-5210 ,1.00, 1.65 , Franco Arenoso , Gravedad ,0.08,125.57,11.28,154.41,117.00,108.48
 CG04-10295 ,1.00, 1.65 , Franco Arenoso , Gravedad ,0.06,125.79,11.54,171.44,130.00,120.81
 CP72-2086 ,6.00, 1.50 , Franco Arenoso , Gravedad ,0.68,120.54,11.51,105.63,105.00,68.47
 CP72-2086 ,5.00, 1.50 , Franco , Gravedad ,0.66,126.28,11.54,112.92,95.00,121.01
 CP72-2086 ,6.00, 1.50 , Franco , Gravedad ,0.52,125.07,11.28,97.43,115.00,114.53
 CG02-163 ,1.00, 1.65 , Franco Arcilloso , Gravedad ,0.03,124.02,11.67,86.09,80.00,75.95
 CP72-2086 ,4.00, 1.50 , Franco Arcilloso , Gravedad ,0.23,123.79,11.44,80.29,110.00,88.57
 CP72-2086 ,5.00, 1.50 , Franco Arcilloso , Gravedad ,0.34,124.92,11.44,67.16,85.00,75.84
 CG98-78 ,3.00, 1.50 , Franco Arcilloso , Gravedad ,0.23,126.04,11.41,62.75,75.00,86.40
 RB86-7515 ,2.00, 1.50 , Franco Arcilloso , Gravedad ,0.26,119.87,11.14,73.08,80.00,56.43
 CP72-2086 ,4.00, 1.50 , Franco Arcilloso , Gravedad ,0.32,125.44,11.44,77.38,80.00,51.80
 CP72-2086 ,4.00, 1.50 , Franco , Gravedad ,0.32,122.64,11.47,85.13,75.00,85.02
 CG98-78 ,3.00, 1.50 , Franco , Gravedad ,0.24,125.60,11.01,88.88,85.00,88.74
 RB86-7515 ,1.00, 1.65 , Franco , Gravedad ,0.27,126.04,11.37,116.05,115.00,100.71
 CP72-2086 ,6.00, 1.50 , Franco , Gravedad ,0.54,120.79,11.41,101.89,97.00,93.59
 RB86-7515 ,1.00, 1.65 , Franco Arcilloso , Gravedad ,0.30,125.17,11.24,88.90,108.00,94.85
 CP72-2086 ,3.00, 1.50 , Franco Arcilloso , Gravedad ,0.03,124.87,11.44,94.19,110.00,98.98
 CP72-2086 ,4.00, 1.50 , Franco Arcilloso , Gravedad ,0.23,126.28,11.37,53.13,75.00,86.24
 CP72-2086 ,7.00, 1.50 , Franco , Gravedad ,0.24,124.12,11.37,141.37,93.00,90.96
 CP72-2086 ,7.00, 1.50 , Franco , Gravedad ,0.36,118.75,11.37,122.03,100.00,107.65
 CG04-10295 ,2.00, 1.50 , Franco , Gravedad ,0.06,125.30,11.28,67.23,105.00,133.30
 CP73-1547 ,2.00, 1.50 , Franco , Gravedad ,0.04,125.34,11.28,61.95,109.75,47.37
 CG04-10295 ,1.00, 1.65 , Franco Arcilloso , Gravedad ,0.14,124.68,11.34,98.81,98.00,88.22
 CP73-1547 ,0.00, 1.50 , Franco Arcilloso , Gravedad ,0.22,124.82,10.72,69.13,103.00,71.52
 CP73-1547 ,1.00, 1.65 , Franco Arcilloso , Gravedad ,0.13,124.86,11.34,97.32,115.00,83.40
 CG02-163 ,1.00, 1.65 , Franco Arcilloso , Gravedad ,0.03,124.12,11.41,116.35,96.00,87.21
 CP73-1547 ,1.00, 1.65 , Franco Arcilloso , Gravedad ,0.17,127.54,11.41,110.64,125.00,112.34
 CP73-1547 ,1.00, 1.65 , Franco Arcilloso , Gravedad ,0.13,122.72,11.37,112.42,120.00,100.10
 CP73-1547 ,1.00, 1.65 , Franco , Gravedad ,0.09,125.44,11.51,91.51,120.00,85.76
 CP73-1547 ,1.00, 1.65 , Franco , Gravedad ,0.34,126.43,11.41,81.96,110.00,94.79
 CP73-1547 ,1.00, 1.65 , Franco Arcilloso , Gravedad ,0.05,125.39,11.41,109.73,115.00,63.47
 NA56-42 ,3.00,2.2,Franco Arcilloso,Goteo,0.43,150.96,11.24,119.87,135.00,84.83
 CP72-2086 ,3.00,2.2,Franco Arcillo Arenoso,Goteo,0.45,150.07,11.21,150.28,135.00,94.24
 OTRAS ,3.00,2.2,Franco,Goteo,0.38,150.08,11.21,118.17,115.00,66.34
 CG98-78 ,2.00,2.2,Franco Arcillo Arenoso,Goteo,0.46,150.05,11.37,118.95,130.00,91.78
 CP04-2115 ,2.00,2.2,Franco Arcilloso,Goteo,0.52,150.06,12.10,131.96,110.00,76.17
 CP72-2086 ,8.00,2.4,Franco Arcilloso,Goteo,0.50,112.75,12.13,103.34,125.00,109.42
 CP72-2086 ,5.00,1.9,Franco Arcillo Arenoso,Goteo,0.43,128.79,12.10,113.34,140.00,98.07
 CP72-2086 ,2.00,2.2,Franco Arenoso,Goteo,0.38,172.57,12.13,142.07,140.00,118.03
 RB86-7515 ,4.00,2.2,Franco Arcilloso,Goteo,0.48,162.10,12.10,144.90,143.30,134.91
 CP72-2086 ,2.00,2.2,Franco Arcilloso,Goteo,0.27,150.10,11.37,135.65,145.00,139.45
 CP89-2143 ,2.00,2.2,Arcilloso,Goteo,0.51,118.94,11.28,92.66,100.00,84.78
 OTRAS ,3.00,2.2,Arcilloso,Goteo,0.28,150.06,11.41,110.42,131.00,92.51
 OTRAS ,3.00,2.2,Arcilloso,Goteo,0.32,111.11,11.08,87.21,85.00,69.50
 CP72-2086 ,2.00,2.2,Arcilloso,Goteo,0.08,159.73,11.18,111.80,135.00,97.33
 CP89-2143 ,2.00,2.2,Arcilloso,Goteo,0.50,124.62,11.31,104.07,130.00,99.60
 OTRAS ,3.00,2.2,Franco Arcilloso,Goteo,0.53,106.55,11.14,97.49,106.00,80.77
 CP88-1165 ,3.00,2.2,Franco Arcillo Arenoso,Goteo,0.21,103.04,11.14,113.95,105.00,91.58
 CP72-2086 ,3.00,2.2,Arcilloso,Goteo,0.60,113.40,11.14,76.26,75.00,72.51
 CG98-78 ,2.00,1.9,Franco,Goteo,0.42,141.25,12.03,106.71,113.00,92.96
 CP89-2143 ,2.00,2.2,Franco Arcillo Arenoso,Goteo,0.27,134.78,14.50,99.95,125.00,108.49
 CP00-1101 ,2.00,2.2,Franco Arcilloso,Goteo,0.17,154.87,12.62,91.40,116.00,103.49
 CP72-2086 ,2.00,2.2,Franco Arcillo Arenoso,Goteo,0.28,150.10,11.01,129.69,140.00,125.34
 OTRAS ,2.00,2.2,Franco Arcilloso,Goteo,0.27,112.30,11.31,101.55,95.00,82.60
 CP00-1101 ,2.00,2.2,Franco Arcilloso,Goteo,0.45,155.21,12.62,90.83,110.00,99.89
 CP72-2086 ,2.00,2.2,Franco,Goteo,0.36,172.53,11.31,138.01,125.00,125.41
 OTRAS ,2.00,2.2,Franco,Goteo,0.82,132.33,12.43,105.05,100.00,119.59
 CP88-1165 ,7.00,2.6,Franco Arcillo Arenoso,Goteo,0.29,143.54,12.59,92.65,125.00,120.18
 CG04-10295 ,1.00,1.9,Franco Arcillo Arenoso,Goteo,0.62,145.32,12.03,116.94,130.00,124.12
 CP72-2086 ,2.00,2.2,Franco Arcillo Arenoso,Goteo,0.29,150.65,12.98,117.54,130.00,133.86
 CP72-2086 ,2.00,2.2,Franco Arcilloso,Goteo,0.33,152.27,13.58,113.34,110.00,135.20
 NA56-42 ,1.00,2.2,Franco Arcilloso,Goteo,0.79,150.91,14.40,104.90,100.00,101.29
 CP72-2086 ,4.00,1.9,Arcilloso,Goteo,0.70,140.28,12.66,116.76,120.00,62.62
 NA56-42 ,3.00,2.2,Franco Arcilloso,Goteo,0.41,146.85,13.38,106.14,129.00,103.74
 CP08-2256 ,4.00,1.4,Franco Arenoso,Gravedad,0.13,112.28,12.56,129.72,123.00,115.04
 CP89-2143 ,3.00,1.5,Franco Arenoso,Gravedad,0.11,125.04,12.66,96.23,128.00,100.43
 CP72-2086 ,3.00,1.5,Franco Arcilloso,Gravedad,0.22,126.29,11.44,111.86,110.00,106.69
 CP72-2086 ,2.00,1.5,Franco Arcillo Arenoso,Gravedad,0.28,122.63,12.33,78.07,160.00,118.65
 CP89-2143 ,2.00,1.5,Franco Arcilloso,Gravedad,0.31,124.04,12.46,85.71,118.00,75.84
 OTRAS ,3.00,1,Franco Arcilloso,Gravedad,0.16,134.91,12.69,90.70,115.00,96.43
 NA56-42 ,6.00,1.75,Franco Arenoso,Gravedad,0.27,124.47,11.54,98.65,115.00,86.41
 NA56-42 ,9.00,2.6,Arcilloso,Goteo,0.59,128.69,12.33,81.69,110.00,109.68
 NA56-42 ,3.00,2.2,Franco Arcilloso,Goteo,0.39,117.99,11.14,82.58,100.00,77.22
 NA56-42 ,3.00,2.2,Franco Arcillo Arenoso,Goteo,0.45,103.04,12.33,59.58,85.00,70.53
 CP72-2086 ,6.00,1.9,Franco Arcilloso,Goteo,0.57,117.68,12.33,107.16,105.00,90.60
 CG98-78 ,2.00,2.2,Franco Arcillo Arenoso,Goteo,0.20,112.47,11.51,121.87,130.00,102.20
 NA56-42 ,6.00,1.9,Franco Arcillo Arenoso,Goteo,0.47,150.10,12.20,130.30,130.00,114.45
 NA56-42 ,2.00,2.2,Franco Arcillo Arenoso,Goteo,0.41,150.19,12.69,77.88,115.00,110.98
 CP73-1547 ,12.00,1.4,Franco Arcillo Arenoso,Gravedad,0.27,103.27,11.47,108.13,118.00,72.99
 CP72-2086 ,7.00,1.5,Franco Arcilloso,Goteo,0.49,132.46,11.70,163.46,118.00,105.09
 CP72-2086 ,5.00,1.9,Franco Arcillo Arenoso,Goteo,0.36,122.04,11.64,171.49,110.00,98.20
 NA56-42 ,3.00,2.2,Franco Arcillo Arenoso,Goteo,0.41,150.27,12.20,127.09,135.00,125.59
 NA56-42 ,5.00,1.9,Franco Arcillo Arenoso,Goteo,0.21,142.53,12.13,125.05,125.00,110.58
 CP00-1101 ,5.00,2.2,Franco Arcilloso,Goteo,0.42,155.69,12.10,108.24,126.00,121.50
 NA56-42 ,4.00,2.2,Arcilloso,Goteo,0.27,147.27,11.14,109.41,126.00,88.02
 CP72-2086 ,3.00,2.2,Franco Arcillo Arenoso,Goteo,0.35,157.20,12.82,91.53,126.00,121.60
 NA56-42 ,6.00,1.9,Arcilloso,Goteo,0.37,125.12,11.24,107.39,105.00,83.71
 NA56-42 ,8.00,2.4,Franco Arcilloso,Goteo,0.31,150.10,12.10,109.40,133.00,96.76
 NA56-42 ,1.00,1.65,Franco Arenoso,Gravedad,0.41,144.55,12.00,120.20,125.00,99.30
 CP89-2143 ,2.00,2.2,Franco Arenoso,Goteo,0.14,156.65,11.05,98.95,115.00,86.83
 NA56-42 ,8.00,2.2,Franco Arcillo Arenoso,Goteo,0.39,132.33,12.33,101.42,120.00,107.75
 CP72-2086 ,3.00,1.5,Franco Arenoso,Gravedad,0.15,139.62,13.84,119.49,120.00,142.47
 CP72-2086 ,3.00,2.2,Franco Arenoso,Goteo,0.49,118.17,12.85,104.21,95.00,121.81
 CP00-1630 ,2.00,2.2,Franco Arenoso,Goteo,0.22,124.25,13.87,51.91,80.00,84.38
 CP72-2086 ,2.00,2.2,Franco Arenoso,Goteo,0.29,149.33,13.91,105.03,108.00,108.11
 CP72-2086 ,6.00,1.9,Franco Arenoso,Goteo,0.64,136.36,13.91,97.67,100.00,75.92
 CP72-2086 ,3.00,2.2,Franco Arenoso,Goteo,0.56,173.88,12.92,96.36,110.00,98.70
 CP72-2086 ,2.00,2.2,Franco Arenoso,Goteo,0.33,161.31,13.02,106.57,110.00,98.11
 CP88-1165 ,3.00,2.2,Franco Arenoso,Goteo,0.39,119.13,11.47,68.45,82.00,82.84
 CP89-2143 ,2.00,2.2,Franco Arenoso,Goteo,0.32,134.39,12.92,113.42,90.00,79.96
 NA56-42 ,5.00,2.4,Franco Arenoso,Goteo,0.61,118.94,12.95,75.89,90.00,90.93
 CP72-2086 ,5.00,1.9,Franco Arenoso,Goteo,0.55,162.11,12.98,100.84,108.00,101.78
 CP08-2256 ,3.00,2.2,Franco Arenoso,Goteo,0.23,127.76,12.98,89.30,108.00,96.07
 CP72-2086 ,3.00,2.2,Franco Arenoso,Goteo,0.28,125.86,12.20,94.38,100.00,101.93
 NA56-42 ,3.00,2.2,Franco Arenoso,Goteo,0.49,118.50,12.20,94.52,96.00,103.59
 NA56-42 ,3.00,2.2,Franco Arenoso,Goteo,0.15,147.56,12.85,117.83,126.00,113.54
 OTRAS ,5.00,1.7,Franco Arcilloso,Goteo,0.43,108.94,11.97,150.99,108.00,96.44
 CP72-2086 ,6.00,1.7,Franco Arcilloso,Goteo,0.51,142.42,11.87,122.64,118.00,91.19
